2018,6,15,555,-47.98
2018,6,15,560,-47.98
2018,6,15,565,-47.98
2018,6,15,570,-47.98
2018,6,15,575,-47.98
2018,6,15,580,-47.98
2018,6,15,585,-47.98
2018,6,15,590,-47.98
2018,6,15,595,-47.98
2018,6,15,600,-47.98
2018,6,15,605,-47.98
2018,6,15,610,-47.98
2018,6,15,615,-47.98
2018,6,15,620,-47.98
2018,6,15,625,-47.98
2018,6,15,630,-47.98
2018,6,15,635,-47.98
2018,6,15,640,-47.98
2018,6,15,645,-47.98
2018,6,15,650,-47.98
2018,6,15,655,-47.98
2018,6,15,660,-47.98
2018,6,15,665,-47.98
2018,6,15,670,-47.98
2018,6,15,675,-47.98
2018,6,15,680,-47.98
2018,6,15,685,-47.98
2018,6,15,690,-47.98
2018,6,15,695,-47.98
2018,6,15,700,-47.98
2018,6,15,705,-47.98
2018,6,15,710,-47.98
2018,6,15,715,-47.98
2018,6,15,720,-47.98
2018,6,15,725,-47.98
2018,6,15,730,-47.98
2018,6,15,735,-47.98
2018,6,15,740,-47.98
2018,6,15,745,-47.98
2018,6,15,750,-47.98
2018,6,15,755,-47.98
2018,6,15,760,-47.98
2018,6,15,765,-47.98
2018,6,15,770,-47.98
2018,6,15,775,-47.98
2018,6,15,780,-47.98
2018,6,15,785,-47.98
2018,6,15,790,-47.98
2018,6,15,795,-47.98
2018,6,15,800,-47.98
2018,6,15,805,-47.98
2018,6,15,810,-47.98
2018,6,15,815,-47.98
2018,6,15,820,-47.98
2018,6,15,825,-47.98
2018,6,15,830,-47.98
2018,6,15,835,-47.98
2018,6,15,840,-47.98
2018,6,15,845,-47.98
2018,6,15,850,-52.74
2018,6,15,855,-48.47
2018,6,15,860,-54.84
2018,6,15,865,-56.03
2018,6,15,870,-54.99
2018,6,15,875,-53.15
2018,6,15,880,-47.96
2018,6,15,885,-50.09
2018,6,15,890,-47.96
2018,6,15,895,-47.96
2018,6,15,900,-47.96
2018,6,15,905,-47.96
2018,6,15,910,-47.96
2018,6,15,915,-54.21
2018,6,15,920,-54.62
2018,6,15,925,-54.77
2018,6,15,930,-52.19
2018,6,15,935,-49.79
2018,6,15,940,-49.56
2018,6,15,945,-48.83
2018,6,15,950,-48.48
2018,6,15,955,-47.96
2018,6,15,960,-47.96
2018,6,15,965,-47.96
2018,6,15,970,-47.96
2018,6,15,975,-50.43
2018,6,15,980,-50.71
2018,6,15,985,-50.98
2018,6,15,990,-50.3
2018,6,15,995,-50.56
2018,6,15,1000,-48.83
2018,6,15,1005,-49.44
2018,6,15,1010,-47.96
2018,6,15,1015,-47.96
2018,6,15,1020,-47.96
2018,6,15,1025,-47.96
2018,6,15,1030,-47.96
2018,6,15,1035,-48.03
2018,6,15,1040,-47.96
2018,6,15,1045,-47.96
2018,6,15,1050,-48.03
2018,6,15,1055,-48.03
2018,6,15,1060,-47.96
2018,6,15,1065,-47.96
2018,6,15,1070,-47.96
2018,6,15,1075,-47.96
2018,6,15,1080,-47.96
2018,6,15,1085,-47.96
2018,6,15,1090,-47.96
2018,6,15,1095,-47.96
2018,6,15,1100,-47.96
2018,6,15,1105,-47.96
2018,6,15,1110,-47.96
2018,6,15,1115,-47.96
2018,6,15,1120,-47.96
2018,6,15,1125,-47.96
2018,6,15,1130,-47.96
2018,6,15,1135,-47.96
2018,6,15,1140,-47.96
2018,6,15,1145,-47.96
2018,6,15,1150,-47.96
2018,6,15,1155,-47.96
2018,6,15,1160,-47.96
2018,6,15,1165,-47.96
2018,6,15,1170,-47.96
2018,6,15,1175,-47.96
2018,6,15,1180,-48.03
2018,6,15,1185,-47.96
2018,6,15,1190,-47.96
2018,6,15,1195,-47.96
2018,6,15,1200,-47.96
2018,6,15,1205,-47.96
2018,6,15,1210,-47.96
2018,6,15,1215,-47.96
2018,6,15,1220,-47.96
2018,6,15,1225,-47.96
2018,6,15,1230,-47.96
2018,6,15,1235,-47.96
2018,6,15,1240,-47.96
2018,6,15,1245,-47.96
2018,6,15,1250,-47.96
2018,6,15,1255,-47.96
2018,6,15,1260,-47.96
2018,6,15,1265,-47.96
2018,6,15,1270,-47.96
2018,6,15,1275,-47.96
2018,6,15,1280,-47.96
2018,6,15,1285,-47.96
2018,6,15,1290,-47.96
2018,6,15,1295,-47.96
2018,6,15,1300,-47.96
2018,6,15,1305,-47.96
2018,6,15,1310,-47.96
2018,6,15,1315,-47.96
2018,6,15,1320,-47.96
2018,6,15,1325,-47.96
2018,6,15,1330,-47.96
2018,6,15,1335,-47.96
2018,6,15,1340,-47.96
2018,6,15,1345,-47.96
2018,6,15,1350,-47.96
2018,6,15,1355,-47.96
2018,6,15,1360,-47.96
2018,6,15,1365,-47.96
2018,6,15,1370,-47.96
2018,6,15,1375,-47.96
2018,6,15,1380,-47.96
2018,6,15,1385,-47.96
2018,6,15,1390,-47.96
2018,6,15,1395,-47.96
2018,6,15,1400,-47.96
2018,6,15,1405,-47.96
2018,6,15,1410,-47.96
2018,6,15,1415,-47.96
2018,6,15,1420,-47.96
2018,6,15,1425,-47.96
2018,6,15,1430,-47.96
2018,6,15,1435,-47.96
2018,6,16,0,-47.96
2018,6,16,5,-47.96
2018,6,16,10,-47.96
2018,6,16,15,-47.96
2018,6,16,20,-47.96
2018,6,16,25,-47.96
2018,6,16,30,-47.96
2018,6,16,35,-47.96
2018,6,16,40,-47.96
2018,6,16,45,-47.96
2018,6,16,50,-47.96
2018,6,16,55,-47.96
2018,6,16,60,-47.96
2018,6,16,65,-47.96
2018,6,16,70,-47.96
2018,6,16,75,-47.96
2018,6,16,80,-47.96
2018,6,16,85,-47.96
2018,6,16,90,-47.96
2018,6,16,95,-47.96
2018,6,16,100,-47.96
2018,6,16,105,-47.96
2018,6,16,110,-47.96
2018,6,16,115,-47.96
2018,6,16,120,-47.96
2018,6,16,125,-47.96
2018,6,16,130,-47.96
2018,6,16,135,-47.96
2018,6,16,140,-47.96
2018,6,16,145,-47.96
2018,6,16,150,-47.96
2018,6,16,155,-47.96
2018,6,16,160,-47.96
2018,6,16,165,-47.96
2018,6,16,170,-47.96
2018,6,16,175,-47.96
2018,6,16,180,-47.96
2018,6,16,185,-47.96
2018,6,16,190,-47.96
2018,6,16,195,-47.96
2018,6,16,200,-47.96
2018,6,16,205,-47.96
2018,6,16,210,-47.96
2018,6,16,215,-47.96
2018,6,16,220,-47.96
2018,6,16,225,-47.96
2018,6,16,230,-47.96
2018,6,16,235,-47.96
2018,6,16,240,-47.96
2018,6,16,245,-47.96
2018,6,16,250,-47.96
2018,6,16,255,-47.96
2018,6,16,260,-47.96
2018,6,16,265,-47.96
2018,6,16,270,-47.96
2018,6,16,275,-47.96
2018,6,16,280,-47.96
2018,6,16,285,-47.96
2018,6,16,290,-47.96
2018,6,16,295,-47.96
2018,6,16,300,-47.96
2018,6,16,305,-47.96
2018,6,16,310,-47.96
2018,6,16,315,-47.96
2018,6,16,320,-47.96
2018,6,16,325,-47.96
2018,6,16,330,-47.96
2018,6,16,335,-47.96
2018,6,16,340,-47.96
2018,6,16,345,-47.96
2018,6,16,350,-47.96
2018,6,16,355,-47.96
2018,6,16,360,-47.96
2018,6,16,365,-47.96
2018,6,16,370,-47.96
2018,6,16,375,-47.96
2018,6,16,380,-47.96
2018,6,16,385,-47.96
2018,6,16,390,-47.96
2018,6,16,395,-47.96
2018,6,16,400,-47.96
2018,6,16,405,-47.96
2018,6,16,410,-47.96
2018,6,16,415,-47.96
2018,6,16,420,-47.96
2018,6,16,425,-47.96
2018,6,16,430,-47.96
2018,6,16,435,-47.96
2018,6,16,440,-47.96
2018,6,16,445,-47.96
2018,6,16,450,-47.96
2018,6,16,455,-47.96
2018,6,16,460,-47.96
2018,6,16,465,-47.96
2018,6,16,470,-47.96
2018,6,16,475,-47.96
2018,6,16,480,-47.96
2018,6,16,485,-47.96
2018,6,16,490,-47.96
2018,6,16,495,-47.96
2018,6,16,500,-47.96
2018,6,16,505,-47.96
2018,6,16,510,-47.96
2018,6,16,515,-47.96
2018,6,16,520,-47.96
2018,6,16,525,-47.96
2018,6,16,530,-47.96
2018,6,16,535,-47.96
2018,6,16,540,-47.96
2018,6,16,545,-47.96
2018,6,16,550,-47.96
2018,6,16,555,-47.96
2018,6,16,560,-47.96
2018,6,16,565,-47.96
2018,6,16,570,-47.96
2018,6,16,575,-47.96
2018,6,16,580,-47.96
2018,6,16,585,-47.96
2018,6,16,590,-47.96
2018,6,16,595,-47.96
2018,6,16,600,-47.96
2018,6,16,605,-47.96
2018,6,16,610,-47.96
2018,6,16,615,-47.96
2018,6,16,620,-47.96
2018,6,16,625,-47.96
2018,6,16,630,-47.96
2018,6,16,635,-47.96
2018,6,16,640,-47.96
2018,6,16,645,-47.96
2018,6,16,650,-47.96
2018,6,16,655,-47.96
2018,6,16,660,-47.96
2018,6,16,665,-47.96
2018,6,16,670,-47.96
2018,6,16,675,-47.96
2018,6,16,680,-47.96
2018,6,16,685,-47.96
2018,6,16,690,-47.96
2018,6,16,695,-47.96
2018,6,16,700,-47.96
2018,6,16,705,-47.96
2018,6,16,710,-47.96
2018,6,16,715,-47.96
2018,6,16,720,-47.96
2018,6,16,725,-47.96
2018,6,16,730,-47.96
2018,6,16,735,-47.96
2018,6,16,740,-47.96
2018,6,16,745,-47.96
2018,6,16,750,-47.96
2018,6,16,755,-47.96
2018,6,16,760,-47.96
2018,6,16,765,-49.05
2018,6,16,770,-49.55
2018,6,16,775,-49.55
2018,6,16,780,-49.55
2018,6,16,785,-47.96
2018,6,16,790,-47.96
2018,6,16,795,-47.96
2018,6,16,800,-47.96
2018,6,16,805,-47.96
2018,6,16,810,-47.96
2018,6,16,815,-47.96
2018,6,16,820,-47.96
2018,6,16,825,-47.96
2018,6,16,830,-47.96
2018,6,16,835,-47.96
2018,6,16,840,-47.96
2018,6,16,845,-47.96
2018,6,16,850,-47.96
2018,6,16,855,-47.96
2018,6,16,860,-47.96
2018,6,16,865,-47.96
2018,6,16,870,-47.96
2018,6,16,875,-47.96
2018,6,16,880,-47.96
2018,6,16,885,-47.96
2018,6,16,890,-47.96
2018,6,16,895,-47.96
2018,6,16,900,-47.96
2018,6,16,905,-47.96
2018,6,16,910,-48.93
2018,6,16,915,-50.71
2018,6,16,920,-52.21
2018,6,16,925,-54.77
2018,6,16,930,-54.92
2018,6,16,935,-55.07
2018,6,16,940,-58.07
2018,6,16,945,-58.07
2018,6,16,950,-58.01
2018,6,16,955,-55.59
2018,6,16,960,-55.69
2018,6,16,965,-60
2018,6,16,970,-60.25
2018,6,16,975,-61.22
2018,6,16,980,-61.96
2018,6,16,985,-59.24
2018,6,16,990,-58.9
2018,6,16,995,-58.9
2018,6,16,1000,-49.25
2018,6,16,1005,-47.96
2018,6,16,1010,-47.96
2018,6,16,1015,-47.96
2018,6,16,1020,-47.96
2018,6,16,1025,-47.96
2018,6,16,1030,-47.96
2018,6,16,1035,-47.96
2018,6,16,1040,-47.96
2018,6,16,1045,-47.96
2018,6,16,1050,-47.96
2018,6,16,1055,-47.96
2018,6,16,1060,-47.96
2018,6,16,1065,-47.96
2018,6,16,1070,-47.96
2018,6,16,1075,-47.96
2018,6,16,1080,-47.96
2018,6,16,1085,-47.96
2018,6,16,1090,-47.96
2018,6,16,1095,-47.96
2018,6,16,1100,-47.96
2018,6,16,1105,-47.96
2018,6,16,1110,-47.96
2018,6,16,1115,-47.96
2018,6,16,1120,-47.96
2018,6,16,1125,-47.96
2018,6,16,1130,-47.96
2018,6,16,1135,-47.96
2018,6,16,1140,-47.96
2018,6,16,1145,-47.96
2018,6,16,1150,-47.96
2018,6,16,1155,-47.96
2018,6,16,1160,-47.96
2018,6,16,1165,-47.96
2018,6,16,1170,-47.96
2018,6,16,1175,-47.96
2018,6,16,1180,-47.96
2018,6,16,1185,-47.96
2018,6,16,1190,-47.96
2018,6,16,1195,-47.96
2018,6,16,1200,-47.96
2018,6,16,1205,-47.96
2018,6,16,1210,-47.96
2018,6,16,1215,-47.96
2018,6,16,1220,-47.96
2018,6,16,1225,-47.96
2018,6,16,1230,-48.06
2018,6,16,1235,-47.96
2018,6,16,1240,-47.96
2018,6,16,1245,-47.96
2018,6,16,1250,-47.96
2018,6,16,1255,-47.96
2018,6,16,1260,-48.06
2018,6,16,1265,-48.06
2018,6,16,1270,-47.96
2018,6,16,1275,-47.96
2018,6,16,1280,-47.96
2018,6,16,1285,-47.96
2018,6,16,1290,-47.96
2018,6,16,1295,-47.96
2018,6,16,1300,-47.96
2018,6,16,1305,-47.96
2018,6,16,1310,-47.96
2018,6,16,1315,-47.96
2018,6,16,1320,-47.96
2018,6,16,1325,-47.96
2018,6,16,1330,-47.96
2018,6,16,1335,-47.96
2018,6,16,1340,-47.96
2018,6,16,1345,-47.96
2018,6,16,1350,-47.96
2018,6,16,1355,-47.96
2018,6,16,1360,-47.96
2018,6,16,1365,-47.96
2018,6,16,1370,-47.96
2018,6,16,1375,-47.96
2018,6,16,1380,-47.96
2018,6,16,1385,-47.96
2018,6,16,1390,-47.96
2018,6,16,1395,-47.96
2018,6,16,1400,-47.96
2018,6,16,1405,-47.96
2018,6,16,1410,-47.96
2018,6,16,1415,-47.96
2018,6,16,1420,-47.96
2018,6,16,1425,-47.96
2018,6,16,1430,-47.96
2018,6,16,1435,-47.96
2018,6,17,0,-47.96
2018,6,17,5,-47.96
2018,6,17,10,-47.96
2018,6,17,15,-47.96
2018,6,17,20,-47.96
2018,6,17,25,-47.96
2018,6,17,30,-47.96
2018,6,17,35,-47.96
2018,6,17,40,-47.96
2018,6,17,45,-47.96
2018,6,17,50,-47.96
2018,6,17,55,-47.96
2018,6,17,60,-47.96
2018,6,17,65,-47.96
2018,6,17,70,-47.96
2018,6,17,75,-47.96
2018,6,17,80,-47.96
2018,6,17,85,-47.96
2018,6,17,90,-47.96
2018,6,17,95,-47.96
2018,6,17,100,-47.96
2018,6,17,105,-47.96
2018,6,17,110,-47.96
2018,6,17,115,-47.96
2018,6,17,120,-47.96
2018,6,17,125,-47.96
2018,6,17,130,-47.96
2018,6,17,135,-47.96
2018,6,17,140,-47.96
2018,6,17,145,-47.96
2018,6,17,150,-47.96
2018,6,17,155,-47.96
2018,6,17,160,-47.96
2018,6,17,165,-47.96
2018,6,17,170,-47.96
2018,6,17,175,-47.96
2018,6,17,180,-47.96
2018,6,17,185,-47.96
2018,6,17,190,-47.96
2018,6,17,195,-47.96
2018,6,17,200,-47.96
2018,6,17,205,-47.96
2018,6,17,210,-47.96
2018,6,17,215,-47.96
2018,6,17,220,-47.96
2018,6,17,225,-47.96
2018,6,17,230,-47.96
2018,6,17,235,-47.96
2018,6,17,240,-47.96
2018,6,17,245,-47.96
2018,6,17,250,-47.96
2018,6,17,255,-47.96
2018,6,17,260,-47.96
2018,6,17,265,-47.96
2018,6,17,270,-47.96
2018,6,17,275,-47.96
2018,6,17,280,-47.96
2018,6,17,285,-47.96
2018,6,17,290,-47.96
2018,6,17,295,-47.96
2018,6,17,300,-47.96
2018,6,17,305,-47.96
2018,6,17,310,-47.96
2018,6,17,315,-47.96
2018,6,17,320,-47.96
2018,6,17,325,-47.96
2018,6,17,330,-47.96
2018,6,17,335,-47.96
2018,6,17,340,-47.96
2018,6,17,345,-47.96
2018,6,17,350,-47.96
2018,6,17,355,-47.96
2018,6,17,360,-47.96
2018,6,17,365,-47.96
2018,6,17,370,-47.96
2018,6,17,375,-47.96
2018,6,17,380,-47.96
2018,6,17,385,-47.96
2018,6,17,390,-47.96
2018,6,17,395,-47.96
2018,6,17,400,-47.96
2018,6,17,405,-47.96
2018,6,17,410,-47.96
2018,6,17,415,-47.96
2018,6,17,420,-47.96
2018,6,17,425,-47.96
2018,6,17,430,-47.96
2018,6,17,435,-47.96
2018,6,17,440,-47.96
2018,6,17,445,-47.96
2018,6,17,450,-47.96
2018,6,17,455,-47.96
2018,6,17,460,-47.96
2018,6,17,465,-47.96
2018,6,17,470,-47.96
2018,6,17,475,-47.96
2018,6,17,480,-47.96
2018,6,17,485,-47.96
2018,6,17,490,-47.96
2018,6,17,495,-47.96
2018,6,17,500,-47.96
2018,6,17,505,-47.96
2018,6,17,510,-47.96
2018,6,17,515,-47.96
2018,6,17,520,-47.96
2018,6,17,525,-47.96
2018,6,17,530,-47.96
2018,6,17,535,-47.96
2018,6,17,540,-47.96
2018,6,17,545,-47.96
2018,6,17,550,-47.96
2018,6,17,555,-47.96
2018,6,17,560,-47.96
2018,6,17,565,-47.96
2018,6,17,570,-47.96
2018,6,17,575,-47.96
2018,6,17,580,-47.96
2018,6,17,585,-47.96
2018,6,17,590,-47.96
2018,6,17,595,-47.96
2018,6,17,600,-47.96
2018,6,17,605,-47.96
2018,6,17,610,-47.96
2018,6,17,615,-47.96
2018,6,17,620,-47.96
2018,6,17,625,-47.96
2018,6,17,630,-47.96
2018,6,17,635,-47.96
2018,6,17,640,-47.96
2018,6,17,645,-47.96
2018,6,17,650,-47.96
2018,6,17,655,-47.96
2018,6,17,660,-47.96
2018,6,17,665,-47.96
2018,6,17,670,-47.96
2018,6,17,675,-47.96
2018,6,17,680,-47.96
2018,6,17,685,-47.96
2018,6,17,690,-47.96
2018,6,17,695,-47.96
2018,6,17,700,-47.96
2018,6,17,705,-47.96
2018,6,17,710,-47.96
2018,6,17,715,-47.96
2018,6,17,720,-47.96
2018,6,17,725,-47.96
2018,6,17,730,-47.96
2018,6,17,735,-47.96
2018,6,17,740,-47.96
2018,6,17,745,-47.96
2018,6,17,750,-47.96
2018,6,17,755,-47.96
2018,6,17,760,-47.96
2018,6,17,765,-47.96
2018,6,17,770,-47.96
2018,6,17,775,-47.96
2018,6,17,780,-47.96
2018,6,17,785,-47.96
2018,6,17,790,-47.96
2018,6,17,795,-47.96
2018,6,17,800,-47.96
2018,6,17,805,-47.96
2018,6,17,810,-47.96
2018,6,17,815,-47.96
2018,6,17,820,-47.96
2018,6,17,825,-47.96
2018,6,17,830,-47.96
2018,6,17,835,-47.96
2018,6,17,840,-47.96
2018,6,17,845,-47.96
2018,6,17,850,-47.96
2018,6,17,855,-47.96
2018,6,17,860,-47.96
2018,6,17,865,-47.96
2018,6,17,870,-47.96
2018,6,17,875,-47.96
2018,6,17,880,-47.96
2018,6,17,885,-49.12
2018,6,17,890,-49.12
2018,6,17,895,-47.96
2018,6,17,900,-47.96
2018,6,17,905,-47.96
2018,6,17,910,-49.12
2018,6,17,915,-47.94
2018,6,17,920,-49.12
2018,6,17,925,-47.94
2018,6,17,930,-47.94
2018,6,17,935,-49.12
2018,6,17,940,-47.94
2018,6,17,945,-49.12
2018,6,17,950,-49.12
2018,6,17,955,-47.94
2018,6,17,960,-47.94
2018,6,17,965,-47.94
2018,6,17,970,-47.94
2018,6,17,975,-47.94
2018,6,17,980,-47.94
2018,6,17,985,-47.94
2018,6,17,990,-47.94
2018,6,17,995,-47.94
2018,6,17,1000,-47.94
2018,6,17,1005,-47.94
2018,6,17,1010,-47.94
2018,6,17,1015,-47.94
2018,6,17,1020,-47.94
2018,6,17,1025,-47.94
2018,6,17,1030,-47.94
2018,6,17,1035,-47.94
2018,6,17,1040,-47.94
2018,6,17,1045,-47.94
2018,6,17,1050,-47.94
2018,6,17,1055,-47.94
2018,6,17,1060,-47.94
2018,6,17,1065,-47.94
2018,6,17,1070,-47.94
2018,6,17,1075,-47.94
2018,6,17,1080,-47.94
2018,6,17,1085,-47.94
2018,6,17,1090,-47.94
2018,6,17,1095,-47.94
2018,6,17,1100,-47.94
2018,6,17,1105,-47.94
2018,6,17,1110,-47.94
2018,6,17,1115,-47.94
2018,6,17,1120,-47.94
2018,6,17,1125,-47.94
2018,6,17,1130,-47.94
2018,6,17,1135,-47.94
2018,6,17,1140,-47.94
2018,6,17,1145,-47.94
2018,6,17,1150,-47.94
2018,6,17,1155,-47.94
2018,6,17,1160,-47.94
2018,6,17,1165,-47.94
2018,6,17,1170,-47.94
2018,6,17,1175,-47.94
2018,6,17,1180,-47.94
2018,6,17,1185,-47.94
2018,6,17,1190,-47.94
2018,6,17,1195,-47.94
2018,6,17,1200,-47.94
2018,6,17,1205,-47.94
2018,6,17,1210,-47.94
2018,6,17,1215,-47.94
2018,6,17,1220,-47.94
2018,6,17,1225,-47.94
2018,6,17,1230,-47.94
2018,6,17,1235,-47.94
2018,6,17,1240,-47.94
2018,6,17,1245,-47.94
2018,6,17,1250,-47.94
2018,6,17,1255,-47.94
2018,6,17,1260,-47.94
2018,6,17,1265,-47.94
2018,6,17,1270,-47.94
2018,6,17,1275,-47.94
2018,6,17,1280,-47.94
2018,6,17,1285,-47.94
2018,6,17,1290,-47.94
2018,6,17,1295,-47.94
2018,6,17,1300,-47.94
2018,6,17,1305,-47.94
2018,6,17,1310,-47.94
2018,6,17,1315,-47.94
2018,6,17,1320,-47.94
2018,6,17,1325,-47.94
2018,6,17,1330,-47.94
2018,6,17,1335,-47.94
2018,6,17,1340,-47.94
2018,6,17,1345,-47.94
2018,6,17,1350,-47.94
2018,6,17,1355,-47.94
2018,6,17,1360,-47.94
2018,6,17,1365,-47.94
2018,6,17,1370,-47.94
2018,6,17,1375,-47.94
2018,6,17,1380,-47.94
2018,6,17,1385,-47.94
2018,6,17,1390,-47.94
2018,6,17,1395,-47.94
2018,6,17,1400,-47.94
2018,6,17,1405,-47.94
2018,6,17,1410,-47.94
2018,6,17,1415,-47.94
2018,6,17,1420,-47.94
2018,6,17,1425,-47.94
2018,6,17,1430,-47.94
2018,6,17,1435,-47.94
2018,6,18,0,-47.94
2018,6,18,5,-47.94
2018,6,18,10,-47.94
2018,6,18,15,-47.94
2018,6,18,20,-47.94
2018,6,18,25,-47.94
2018,6,18,30,-47.94
2018,6,18,35,-47.94
2018,6,18,40,-47.94
2018,6,18,45,-47.94
2018,6,18,50,-47.94
2018,6,18,55,-47.94
2018,6,18,60,-47.94
2018,6,18,65,-47.94
2018,6,18,70,-47.94
2018,6,18,75,-47.94
2018,6,18,80,-47.94
2018,6,18,85,-47.94
2018,6,18,90,-47.94
2018,6,18,95,-47.94
2018,6,18,100,-47.94
2018,6,18,105,-47.94
2018,6,18,110,-47.94
2018,6,18,115,-47.94
2018,6,18,120,-47.94
2018,6,18,125,-47.94
2018,6,18,130,-47.94
2018,6,18,135,-47.94
2018,6,18,140,-47.94
2018,6,18,145,-47.94
2018,6,18,150,-47.94
2018,6,18,155,-47.94
2018,6,18,160,-47.94
2018,6,18,165,-47.94
2018,6,18,170,-47.94
2018,6,18,175,-47.94
2018,6,18,180,-47.94
2018,6,18,185,-47.94
2018,6,18,190,-47.94
2018,6,18,195,-47.94
2018,6,18,200,-47.94
2018,6,18,205,-47.94
2018,6,18,210,-47.94
2018,6,18,215,-47.94
2018,6,18,220,-47.94
2018,6,18,225,-47.94
2018,6,18,230,-47.94
2018,6,18,235,-47.94
2018,6,18,240,-47.94
2018,6,18,245,-47.94
2018,6,18,250,-47.94
2018,6,18,255,-47.94
2018,6,18,260,-47.94
2018,6,18,265,-47.94
2018,6,18,270,-47.94
2018,6,18,275,-47.94
2018,6,18,280,-47.94
2018,6,18,285,-47.94
2018,6,18,290,-47.94
2018,6,18,295,-47.94
2018,6,18,300,-47.94
2018,6,18,305,-47.94
2018,6,18,310,-47.94
2018,6,18,315,-47.94
2018,6,18,320,-47.94
2018,6,18,325,-47.94
2018,6,18,330,-47.94
2018,6,18,335,-47.94
2018,6,18,340,-47.94
2018,6,18,345,-47.94
2018,6,18,350,-47.94
2018,6,18,355,-47.94
2018,6,18,360,-47.94
2018,6,18,365,-47.94
2018,6,18,370,-47.94
2018,6,18,375,-47.94
2018,6,18,380,-47.94
2018,6,18,385,-47.94
2018,6,18,390,-47.94
2018,6,18,395,-47.94
2018,6,18,400,-47.94
2018,6,18,405,-47.94
2018,6,18,410,-47.94
2018,6,18,415,-47.94
2018,6,18,420,-47.94
2018,6,18,425,-47.94
2018,6,18,430,-47.94
2018,6,18,435,-47.94
2018,6,18,440,-47.94
2018,6,18,445,-47.94
2018,6,18,450,-47.94
2018,6,18,455,-47.94
2018,6,18,460,-47.94
2018,6,18,465,-47.94
2018,6,18,470,-47.94
2018,6,18,475,-47.94
2018,6,18,480,-47.94
2018,6,18,485,-47.94
2018,6,18,490,-47.94
2018,6,18,495,-47.94
2018,6,18,500,-47.94
2018,6,18,505,-47.94
2018,6,18,510,-47.94
2018,6,18,515,-47.94
2018,6,18,520,-47.94
2018,6,18,525,-47.94
2018,6,18,530,-47.94
2018,6,18,535,-47.94
2018,6,18,540,-47.94
2018,6,18,545,-47.94
2018,6,18,550,-47.94
2018,6,18,555,-47.94
2018,6,18,560,-47.94
2018,6,18,565,-47.94
2018,6,18,570,-47.94
2018,6,18,575,-47.94
2018,6,18,580,-47.94
2018,6,18,585,-47.94
2018,6,18,590,-47.94
2018,6,18,595,-47.94
2018,6,18,600,-47.94
2018,6,18,605,-47.94
2018,6,18,610,-47.94
2018,6,18,615,-47.94
2018,6,18,620,-47.94
2018,6,18,625,-47.94
2018,6,18,630,-47.94
2018,6,18,635,-47.94
2018,6,18,640,-47.94
2018,6,18,645,-47.94
2018,6,18,650,-47.94
2018,6,18,655,-47.94
2018,6,18,660,-47.94
2018,6,18,665,-47.94
2018,6,18,670,-47.94
2018,6,18,675,-47.94
2018,6,18,680,-47.94
2018,6,18,685,-47.94
2018,6,18,690,-47.94
2018,6,18,695,-47.94
2018,6,18,700,-47.94
2018,6,18,705,-47.94
2018,6,18,710,-47.94
2018,6,18,715,-47.94
2018,6,18,720,-47.94
2018,6,18,725,-47.94
2018,6,18,730,-47.94
2018,6,18,735,-47.94
2018,6,18,740,-47.94
2018,6,18,745,-47.94
2018,6,18,750,-47.94
2018,6,18,755,-47.94
2018,6,18,760,-47.94
2018,6,18,765,-47.94
2018,6,18,770,-47.94
2018,6,18,775,-47.94
2018,6,18,780,-47.94
2018,6,18,785,-47.94
2018,6,18,790,-47.94
2018,6,18,795,-47.94
2018,6,18,800,-47.94
2018,6,18,805,-47.94
2018,6,18,810,-47.94
2018,6,18,815,-47.94
2018,6,18,820,-47.94
2018,6,18,825,-47.94
2018,6,18,830,-47.94
2018,6,18,835,-47.94
2018,6,18,840,-47.94
2018,6,18,845,-47.94
2018,6,18,850,-47.94
2018,6,18,855,-47.94
2018,6,18,860,-47.94
2018,6,18,865,-47.94
2018,6,18,870,-47.94
2018,6,18,875,-47.94
2018,6,18,880,-47.94
2018,6,18,885,-47.94
2018,6,18,890,-47.94
2018,6,18,895,-47.94
2018,6,18,900,-47.94
2018,6,18,905,-47.94
2018,6,18,910,-47.94
2018,6,18,915,-47.94
2018,6,18,920,-47.94
2018,6,18,925,-47.94
2018,6,18,930,-47.94
2018,6,18,935,-47.94
2018,6,18,940,-47.94
2018,6,18,945,-47.94
2018,6,18,950,-47.94
2018,6,18,955,-47.94
2018,6,18,960,-47.94
2018,6,18,965,-47.94
2018,6,18,970,-47.94
2018,6,18,975,-47.94
2018,6,18,980,-47.94
2018,6,18,985,-47.94
2018,6,18,990,-47.94
2018,6,18,995,-47.94
2018,6,18,1000,-47.94
2018,6,18,1005,-47.94
2018,6,18,1010,-47.94
2018,6,18,1015,-47.94
2018,6,18,1020,-47.94
2018,6,18,1025,-47.94
2018,6,18,1030,-47.94
2018,6,18,1035,-47.94
2018,6,18,1040,-47.94
2018,6,18,1045,-47.94
2018,6,18,1050,-47.94
2018,6,18,1055,-47.94
2018,6,18,1060,-47.94
2018,6,18,1065,-47.94
2018,6,18,1070,-47.94
2018,6,18,1075,-47.94
2018,6,18,1080,-47.94
2018,6,18,1085,-47.94
2018,6,18,1090,-47.94
2018,6,18,1095,-47.94
2018,6,18,1100,-47.94
2018,6,18,1105,-47.94
2018,6,18,1110,-47.94
2018,6,18,1115,-47.94
2018,6,18,1120,-47.94
2018,6,18,1125,-47.94
2018,6,18,1130,-47.94
2018,6,18,1135,-47.94
2018,6,18,1140,-47.94
2018,6,18,1145,-47.94
2018,6,18,1150,-47.94
2018,6,18,1155,-47.94
2018,6,18,1160,-47.94
2018,6,18,1165,-47.94
2018,6,18,1170,-47.94
2018,6,18,1175,-47.94
2018,6,18,1180,-47.94
2018,6,18,1185,-47.94
2018,6,18,1190,-47.94
2018,6,18,1195,-47.94
2018,6,18,1200,-47.94
2018,6,18,1205,-47.94
2018,6,18,1210,-47.94
2018,6,18,1215,-47.94
2018,6,18,1220,-47.94
2018,6,18,1225,-47.94
2018,6,18,1230,-47.94
2018,6,18,1235,-47.94
2018,6,18,1240,-47.94
2018,6,18,1245,-47.94
2018,6,18,1250,-47.94
2018,6,18,1255,-47.94
2018,6,18,1260,-47.94
2018,6,18,1265,-47.94
2018,6,18,1270,-47.94
2018,6,18,1275,-47.94
2018,6,18,1280,-47.94
2018,6,18,1285,-47.94
2018,6,18,1290,-47.94
2018,6,18,1295,-47.94
2018,6,18,1300,-47.94
2018,6,18,1305,-47.94
2018,6,18,1310,-47.94
2018,6,18,1315,-47.94
2018,6,18,1320,-47.94
2018,6,18,1325,-47.94
2018,6,18,1330,-47.94
2018,6,18,1335,-47.94
2018,6,18,1340,-47.94
2018,6,18,1345,-47.94
2018,6,18,1350,-47.94
2018,6,18,1355,-47.94
2018,6,18,1360,-47.94
2018,6,18,1365,-47.94
2018,6,18,1370,-47.94
2018,6,18,1375,-47.94
2018,6,18,1380,-47.94
2018,6,18,1385,-47.94
2018,6,18,1390,-47.94
2018,6,18,1395,-47.94
2018,6,18,1400,-47.94
2018,6,18,1405,-47.94
2018,6,18,1410,-47.94
2018,6,18,1415,-47.94
2018,6,18,1420,-47.94
2018,6,18,1425,-47.94
2018,6,18,1430,-47.94
2018,6,18,1435,-47.94
2018,6,19,0,-47.94
2018,6,19,5,-47.94
2018,6,19,10,-47.94
2018,6,19,15,-47.94
2018,6,19,20,-47.94
2018,6,19,25,-47.94
2018,6,19,30,-47.94
2018,6,19,35,-47.94
2018,6,19,40,-47.94
2018,6,19,45,-47.94
2018,6,19,50,-47.94
2018,6,19,55,-47.94
2018,6,19,60,-47.94
2018,6,19,65,-47.94
2018,6,19,70,-47.94
2018,6,19,75,-47.94
2018,6,19,80,-47.94
2018,6,19,85,-47.94
2018,6,19,90,-47.94
2018,6,19,95,-47.94
2018,6,19,100,-47.94
2018,6,19,105,-47.94
2018,6,19,110,-47.94
2018,6,19,115,-47.94
2018,6,19,120,-47.94
2018,6,19,125,-47.94
2018,6,19,130,-47.94
2018,6,19,135,-47.94
2018,6,19,140,-47.94
2018,6,19,145,-47.94
2018,6,19,150,-47.94
2018,6,19,155,-47.94
2018,6,19,160,-47.94
2018,6,19,165,-47.94
2018,6,19,170,-47.94
2018,6,19,175,-47.94
2018,6,19,180,-47.94
2018,6,19,185,-47.94
2018,6,19,190,-47.94
2018,6,19,195,-47.94
2018,6,19,200,-47.94
2018,6,19,205,-47.94
2018,6,19,210,-47.94
2018,6,19,215,-47.94
2018,6,19,220,-47.94
2018,6,19,225,-47.94
2018,6,19,230,-47.94
2018,6,19,235,-47.94
2018,6,19,240,-47.94
2018,6,19,245,-47.94
2018,6,19,250,-47.94
2018,6,19,255,-47.94
2018,6,19,260,-47.94
2018,6,19,265,-47.94
2018,6,19,270,-47.94
2018,6,19,275,-47.94
2018,6,19,280,-47.94
2018,6,19,285,-47.94
2018,6,19,290,-47.94
2018,6,19,295,-47.94
2018,6,19,300,-47.94
2018,6,19,305,-47.94
2018,6,19,310,-47.94
2018,6,19,315,-47.94
2018,6,19,320,-47.94
2018,6,19,325,-47.94
2018,6,19,330,-47.94
2018,6,19,335,-47.94
2018,6,19,340,-47.94
2018,6,19,345,-47.94
2018,6,19,350,-47.94
2018,6,19,355,-47.94
2018,6,19,360,-47.94
2018,6,19,365,-47.94
2018,6,19,370,-47.94
2018,6,19,375,-47.94
2018,6,19,380,-47.94
2018,6,19,385,-47.94
2018,6,19,390,-47.94
2018,6,19,395,-47.94
2018,6,19,400,-47.94
2018,6,19,405,-47.94
2018,6,19,410,-47.94
2018,6,19,415,-47.94
2018,6,19,420,-47.94
2018,6,19,425,-47.94
2018,6,19,430,-47.94
2018,6,19,435,-47.94
2018,6,19,440,-47.94
2018,6,19,445,-47.94
2018,6,19,450,-47.94
2018,6,19,455,-47.94
2018,6,19,460,-47.94
2018,6,19,465,-47.94
2018,6,19,470,-47.94
2018,6,19,475,-47.94
2018,6,19,480,-47.94
2018,6,19,485,-47.94
2018,6,19,490,-47.94
2018,6,19,495,-47.94
2018,6,19,500,-47.94
2018,6,19,505,-47.94
2018,6,19,510,-47.94
2018,6,19,515,-47.94
2018,6,19,520,-47.94
2018,6,19,525,-47.94
2018,6,19,530,-47.94
2018,6,19,535,-47.94
2018,6,19,540,-47.94
2018,6,19,545,-47.94
2018,6,19,550,-47.94
2018,6,19,555,-47.94
2018,6,19,560,-47.94
2018,6,19,565,-47.94
2018,6,19,570,-47.94
2018,6,19,575,-47.94
2018,6,19,580,-47.94
2018,6,19,585,-47.94
2018,6,19,590,-47.94
2018,6,19,595,-47.94
2018,6,19,600,-47.94
2018,6,19,605,-47.94
2018,6,19,610,-47.94
2018,6,19,615,-47.94
2018,6,19,620,-47.94
2018,6,19,625,-47.94
2018,6,19,630,-47.94
2018,6,19,635,-47.94
2018,6,19,640,-47.94
2018,6,19,645,-47.94
2018,6,19,650,-47.94
2018,6,19,655,-47.94
2018,6,19,660,-47.94
2018,6,19,665,-47.94
2018,6,19,670,-47.94
2018,6,19,675,-47.94
2018,6,19,680,-47.94
2018,6,19,685,-47.94
2018,6,19,690,-47.94
2018,6,19,695,-47.94
2018,6,19,700,-47.94
2018,6,19,705,-47.94
2018,6,19,710,-47.94
2018,6,19,715,-47.94
2018,6,19,720,-47.94
2018,6,19,725,-47.94
2018,6,19,730,-47.94
2018,6,19,735,-47.94
2018,6,19,740,-47.94
2018,6,19,745,-47.94
2018,6,19,750,-47.94
2018,6,19,755,-47.94
2018,6,19,760,-47.94
2018,6,19,765,-47.94
2018,6,19,770,-47.94
2018,6,19,775,-47.94
2018,6,19,780,-47.94
2018,6,19,785,-47.94
2018,6,19,790,-47.94
2018,6,19,795,-47.94
2018,6,19,800,-47.94
2018,6,19,805,-47.94
2018,6,19,810,-47.94
2018,6,19,815,-47.94
2018,6,19,820,-47.94
2018,6,19,825,-47.94
2018,6,19,830,-47.94
2018,6,19,835,-47.94
2018,6,19,840,-47.94
2018,6,19,845,-47.94
2018,6,19,850,-47.94
2018,6,19,855,-47.94
2018,6,19,860,-47.94
2018,6,19,865,-47.94
2018,6,19,870,-47.94
2018,6,19,875,-47.94
2018,6,19,880,-47.94
2018,6,19,885,-47.94
2018,6,19,890,-47.94
2018,6,19,895,-47.94
2018,6,19,900,-47.94
2018,6,19,905,-47.94
2018,6,19,910,-47.94
2018,6,19,915,-47.94
2018,6,19,920,-47.94
2018,6,19,925,-47.94
2018,6,19,930,-47.94
2018,6,19,935,-47.94
2018,6,19,940,-47.94
2018,6,19,945,-47.94
2018,6,19,950,-47.94
2018,6,19,955,-47.94
2018,6,19,960,-47.94
2018,6,19,965,-47.94
2018,6,19,970,-47.94
2018,6,19,975,-47.94
2018,6,19,980,-47.94
2018,6,19,985,-47.94
2018,6,19,990,-47.94
2018,6,19,995,-47.94
2018,6,19,1000,-47.94
2018,6,19,1005,-47.94
2018,6,19,1010,-47.94
2018,6,19,1015,-47.94
2018,6,19,1020,-47.94
2018,6,19,1025,-47.94
2018,6,19,1030,-47.94
2018,6,19,1035,-47.94
2018,6,19,1040,-47.94
2018,6,19,1045,-47.94
2018,6,19,1050,-47.94
2018,6,19,1055,-47.94
2018,6,19,1060,-47.94
2018,6,19,1065,-47.94
2018,6,19,1070,-47.94
2018,6,19,1075,-47.94
2018,6,19,1080,-47.94
2018,6,19,1085,-47.94
2018,6,19,1090,-47.94
2018,6,19,1095,-47.94
2018,6,19,1100,-47.94
2018,6,19,1105,-47.94
2018,6,19,1110,-47.94
2018,6,19,1115,-47.94
2018,6,19,1120,-47.94
2018,6,19,1125,-47.94
2018,6,19,1130,-47.94
2018,6,19,1135,-47.94
2018,6,19,1140,-47.94
2018,6,19,1145,-47.94
2018,6,19,1150,-47.94
2018,6,19,1155,-47.94
2018,6,19,1160,-47.94
2018,6,19,1165,-47.94
2018,6,19,1170,-47.94
2018,6,19,1175,-47.94
2018,6,19,1180,-47.94
2018,6,19,1185,-47.94
2018,6,19,1190,-47.94
2018,6,19,1195,-47.94
2018,6,19,1200,-47.94
2018,6,19,1205,-47.94
2018,6,19,1210,-47.94
2018,6,19,1215,-47.94
2018,6,19,1220,-47.94
2018,6,19,1225,-47.94
2018,6,19,1230,-47.94
2018,6,19,1235,-47.94
2018,6,19,1240,-47.94
2018,6,19,1245,-47.94
2018,6,19,1250,-47.94
2018,6,19,1255,-47.94
2018,6,19,1260,-47.94
2018,6,19,1265,-47.94
2018,6,19,1270,-47.94
2018,6,19,1275,-47.94
2018,6,19,1280,-47.94
2018,6,19,1285,-47.94
2018,6,19,1290,-47.94
2018,6,19,1295,-47.94
2018,6,19,1300,-47.94
2018,6,19,1305,-47.94
2018,6,19,1310,-47.94
2018,6,19,1315,-47.94
2018,6,19,1320,-47.94
2018,6,19,1325,-47.94
2018,6,19,1330,-47.94
2018,6,19,1335,-47.94
2018,6,19,1340,-47.94
2018,6,19,1345,-47.94
2018,6,19,1350,-47.94
2018,6,19,1355,-47.94
2018,6,19,1360,-47.94
2018,6,19,1365,-47.94
2018,6,19,1370,-47.94
2018,6,19,1375,-47.94
2018,6,19,1380,-47.94
2018,6,19,1385,-47.94
2018,6,19,1390,-47.94
2018,6,19,1395,-47.94
2018,6,19,1400,-47.94
2018,6,19,1405,-47.94
2018,6,19,1410,-47.94
2018,6,19,1415,-47.94
2018,6,19,1420,-47.94
2018,6,19,1425,-47.94
2018,6,19,1430,-47.94
2018,6,19,1435,-47.94
2018,6,20,0,-47.94
2018,6,20,5,-47.94
2018,6,20,10,-47.94
2018,6,20,15,-47.94
2018,6,20,20,-47.94
2018,6,20,25,-47.94
2018,6,20,30,-47.94
2018,6,20,35,-47.94
2018,6,20,40,-47.94
2018,6,20,45,-47.94
2018,6,20,50,-47.94
2018,6,20,55,-47.94
2018,6,20,60,-47.94
2018,6,20,65,-47.94
2018,6,20,70,-47.94
2018,6,20,75,-47.94
2018,6,20,80,-47.94
2018,6,20,85,-47.94
2018,6,20,90,-47.94
2018,6,20,95,-47.94
2018,6,20,100,-47.94
2018,6,20,105,-47.94
2018,6,20,110,-47.94
2018,6,20,115,-47.94
2018,6,20,120,-47.94
2018,6,20,125,-47.94
2018,6,20,130,-47.94
2018,6,20,135,-47.94
2018,6,20,140,-47.94
2018,6,20,145,-47.94
2018,6,20,150,-47.94
2018,6,20,155,-47.94
2018,6,20,160,-47.94
2018,6,20,165,-47.94
2018,6,20,170,-47.94
2018,6,20,175,-47.94
2018,6,20,180,-47.94
2018,6,20,185,-47.94
2018,6,20,190,-47.94
2018,6,20,195,-47.94
2018,6,20,200,-47.94
2018,6,20,205,-47.94
2018,6,20,210,-47.94
2018,6,20,215,-47.94
2018,6,20,220,-47.94
2018,6,20,225,-47.94
2018,6,20,230,-47.94
2018,6,20,235,-47.94
2018,6,20,240,-47.94
2018,6,20,245,-47.94
2018,6,20,250,-47.94
2018,6,20,255,-47.94
2018,6,20,260,-47.94
2018,6,20,265,-47.94
2018,6,20,270,-47.94
2018,6,20,275,-47.94
2018,6,20,280,-47.94
2018,6,20,285,-47.94
2018,6,20,290,-47.94
2018,6,20,295,-47.94
2018,6,20,300,-47.94
2018,6,20,305,-47.94
2018,6,20,310,-47.94
2018,6,20,315,-47.94
2018,6,20,320,-47.94
2018,6,20,325,-47.94
2018,6,20,330,-47.94
2018,6,20,335,-47.94
2018,6,20,340,-47.94
2018,6,20,345,-47.94
2018,6,20,350,-47.94
2018,6,20,355,-47.94
2018,6,20,360,-47.94
2018,6,20,365,-47.94
2018,6,20,370,-47.94
2018,6,20,375,-47.94
2018,6,20,380,-47.94
2018,6,20,385,-47.94
2018,6,20,390,-47.94
2018,6,20,395,-47.94
2018,6,20,400,-47.94
2018,6,20,405,-47.94
2018,6,20,410,-47.94
2018,6,20,415,-47.94
2018,6,20,420,-47.94
2018,6,20,425,-47.94
2018,6,20,430,-47.94
2018,6,20,435,-47.94
2018,6,20,440,-47.94
2018,6,20,445,-47.94
2018,6,20,450,-47.94
2018,6,20,455,-47.94
2018,6,20,460,-47.94
2018,6,20,465,-47.94
2018,6,20,470,-47.94
2018,6,20,475,-47.94
2018,6,20,480,-47.94
2018,6,20,485,-47.94
2018,6,20,490,-47.94
2018,6,20,495,-47.94
2018,6,20,500,-47.94
2018,6,20,505,-47.94
2018,6,20,510,-47.94
2018,6,20,515,-47.94
2018,6,20,520,-47.94
2018,6,20,525,-47.94
2018,6,20,530,-47.94
2018,6,20,535,-47.94
2018,6,20,540,-47.94
2018,6,20,545,-47.94
2018,6,20,550,-47.94
2018,6,20,555,-47.94
2018,6,20,560,-47.94
2018,6,20,565,-47.94
2018,6,20,570,-47.94
2018,6,20,575,-47.94
2018,6,20,580,-47.94
2018,6,20,585,-47.94
2018,6,20,590,-47.94
2018,6,20,595,-47.94
2018,6,20,600,-47.94
2018,6,20,605,-47.94
2018,6,20,610,-47.94
2018,6,20,615,-47.94
2018,6,20,620,-47.94
2018,6,20,625,-47.94
2018,6,20,630,-47.94
2018,6,20,635,-47.94
2018,6,20,640,-47.94
2018,6,20,645,-47.94
2018,6,20,650,-47.94
2018,6,20,655,-47.94
2018,6,20,660,-47.94
2018,6,20,665,-47.94
2018,6,20,670,-47.94
2018,6,20,675,-47.94
2018,6,20,680,-47.94
2018,6,20,685,-47.94
2018,6,20,690,-47.94
2018,6,20,695,-47.94
2018,6,20,700,-47.94
2018,6,20,705,-47.94
2018,6,20,710,-49.6
2018,6,20,715,-71.25
2018,6,20,720,-65.01
2018,6,20,725,-62.6
2018,6,20,730,-58.54
2018,6,20,735,-53.39
2018,6,20,740,-49.72
2018,6,20,745,-52.27
2018,6,20,750,-48.6
2018,6,20,755,-48.6
2018,6,20,760,-48.6
2018,6,20,765,-47.94
2018,6,20,770,-47.94
2018,6,20,775,-47.94
2018,6,20,780,-47.94
2018,6,20,785,-47.94
2018,6,20,790,-47.94
2018,6,20,795,-47.94
2018,6,20,800,-47.94
2018,6,20,805,-47.94
2018,6,20,810,-47.94
2018,6,20,815,-47.94
2018,6,20,820,-47.94
2018,6,20,825,-47.94
2018,6,20,830,-47.94
2018,6,20,835,-47.94
2018,6,20,840,-47.94
2018,6,20,845,-47.94
2018,6,20,850,-47.94
2018,6,20,855,-47.94
2018,6,20,860,-47.94
2018,6,20,865,-47.94
2018,6,20,870,-47.94
2018,6,20,875,-47.94
2018,6,20,880,-47.94
2018,6,20,885,-47.94
2018,6,20,890,-47.94
2018,6,20,895,-47.94
2018,6,20,900,-47.94
2018,6,20,905,-47.94
2018,6,20,910,-47.94
2018,6,20,915,-47.94
2018,6,20,920,-48.6
2018,6,20,925,-47.94
2018,6,20,930,-47.94
2018,6,20,935,-47.94
2018,6,20,940,-47.94
2018,6,20,945,-47.94
2018,6,20,950,-47.94
2018,6,20,955,-47.94
2018,6,20,960,-59.8
2018,6,20,965,-60.89
2018,6,20,970,-62.01
2018,6,20,975,-60.23
2018,6,20,980,-55.74
2018,6,20,985,-55.8
2018,6,20,990,-55.31
2018,6,20,995,-54.82
2018,6,20,1000,-53.29
2018,6,20,1005,-54.53
2018,6,20,1010,-53.09
2018,6,20,1015,-53.01
2018,6,20,1020,-51.6
2018,6,20,1025,-50.54
2018,6,20,1030,-50.54
2018,6,20,1035,-50.54
2018,6,20,1040,-50.54
2018,6,20,1045,-50.54
2018,6,20,1050,-51.04
2018,6,20,1055,-50.04
2018,6,20,1060,-50.04
2018,6,20,1065,-51.04
2018,6,20,1070,-49.43
2018,6,20,1075,-49.43
2018,6,20,1080,-49.43
2018,6,20,1085,-49.43
2018,6,20,1090,-49.43
2018,6,20,1095,-50.43
2018,6,20,1100,-50.43
2018,6,20,1105,-50.43
2018,6,20,1110,-50.43
2018,6,20,1115,-50.43
2018,6,20,1120,-50.43
2018,6,20,1125,-50.43
2018,6,20,1130,-50.43
2018,6,20,1135,-50.43
2018,6,20,1140,-50.43
2018,6,20,1145,-50.43
2018,6,20,1150,-50.43
2018,6,20,1155,-50.43
2018,6,20,1160,-50.43
2018,6,20,1165,-50.43
2018,6,20,1170,-50.43
2018,6,20,1175,-50.43
2018,6,20,1180,-50.43
2018,6,20,1185,-49.79
2018,6,20,1190,-49.79
2018,6,20,1195,-49.79
2018,6,20,1200,-49.79
2018,6,20,1205,-49.79
2018,6,20,1210,-49.79
2018,6,20,1215,-49.79
2018,6,20,1220,-49.79
2018,6,20,1225,-47.94
2018,6,20,1230,-47.94
2018,6,20,1235,-47.94
2018,6,20,1240,-47.94
2018,6,20,1245,-47.94
2018,6,20,1250,-47.94
2018,6,20,1255,-47.94
2018,6,20,1260,-48.43
2018,6,20,1265,-48.43
2018,6,20,1270,-48.43
2018,6,20,1275,-48.43
2018,6,20,1280,-48.43
2018,6,20,1285,-48.43
2018,6,20,1290,-47.94
2018,6,20,1295,-47.94
2018,6,20,1300,-47.94
2018,6,20,1305,-48.43
2018,6,20,1310,-47.94
2018,6,20,1315,-47.94
2018,6,20,1320,-47.94
2018,6,20,1325,-47.94
2018,6,20,1330,-47.94
2018,6,20,1335,-47.94
2018,6,20,1340,-47.94
2018,6,20,1345,-47.94
2018,6,20,1350,-47.94
2018,6,20,1355,-47.94
2018,6,20,1360,-47.94
2018,6,20,1365,-47.94
2018,6,20,1370,-47.94
2018,6,20,1375,-47.94
2018,6,20,1380,-47.94
2018,6,20,1385,-47.94
2018,6,20,1390,-47.94
2018,6,20,1395,-47.94
2018,6,20,1400,-47.94
2018,6,20,1405,-47.94
2018,6,20,1410,-47.94
2018,6,20,1415,-47.94
2018,6,20,1420,-47.94
2018,6,20,1425,-47.94
2018,6,20,1430,-47.94
2018,6,20,1435,-47.94
2018,6,21,0,-47.94
2018,6,21,5,-47.94
2018,6,21,10,-47.94
2018,6,21,15,-47.94
2018,6,21,20,-47.94
2018,6,21,25,-47.94
2018,6,21,30,-47.94
2018,6,21,35,-47.94
2018,6,21,40,-47.94
2018,6,21,45,-47.94
2018,6,21,50,-47.94
2018,6,21,55,-47.94
2018,6,21,60,-47.94
2018,6,21,65,-47.94
2018,6,21,70,-47.94
2018,6,21,75,-47.94
2018,6,21,80,-47.94
2018,6,21,85,-47.94
2018,6,21,90,-47.94
2018,6,21,95,-47.94
2018,6,21,100,-47.94
2018,6,21,105,-47.94
2018,6,21,110,-47.94
2018,6,21,115,-47.94
2018,6,21,120,-47.94
2018,6,21,125,-47.94
2018,6,21,130,-47.94
2018,6,21,135,-47.94
2018,6,21,140,-47.94
2018,6,21,145,-47.94
2018,6,21,150,-47.94
2018,6,21,155,-47.94
2018,6,21,160,-47.94
2018,6,21,165,-47.94
2018,6,21,170,-47.94
2018,6,21,175,-47.94
2018,6,21,180,-47.94
2018,6,21,185,-47.94
2018,6,21,190,-47.94
2018,6,21,195,-47.94
2018,6,21,200,-47.94
2018,6,21,205,-47.94
2018,6,21,210,-47.94
2018,6,21,215,-47.94
2018,6,21,220,-47.94
2018,6,21,225,-47.94
2018,6,21,230,-47.94
2018,6,21,235,-47.94
2018,6,21,240,-47.94
2018,6,21,245,-47.94
2018,6,21,250,-47.94
2018,6,21,255,-47.94
2018,6,21,260,-47.94
2018,6,21,265,-47.94
2018,6,21,270,-47.94
2018,6,21,275,-47.94
2018,6,21,280,-47.94
2018,6,21,285,-47.94
2018,6,21,290,-47.94
2018,6,21,295,-47.94
2018,6,21,300,-47.94
2018,6,21,305,-47.94
2018,6,21,310,-47.94
2018,6,21,315,-47.94
2018,6,21,320,-47.94
2018,6,21,325,-47.94
2018,6,21,330,-47.94
2018,6,21,335,-47.94
2018,6,21,340,-47.94
2018,6,21,345,-47.94
2018,6,21,350,-47.94
2018,6,21,355,-47.94
2018,6,21,360,-47.94
2018,6,21,365,-47.94
2018,6,21,370,-47.94
2018,6,21,375,-47.94
2018,6,21,380,-47.94
2018,6,21,385,-47.94
2018,6,21,390,-47.94
2018,6,21,395,-47.94
2018,6,21,400,-47.94
2018,6,21,405,-47.94
2018,6,21,410,-47.94
2018,6,21,415,-47.94
2018,6,21,420,-47.94
2018,6,21,425,-47.94
2018,6,21,430,-47.94
2018,6,21,435,-47.94
2018,6,21,440,-47.94
2018,6,21,445,-47.94
2018,6,21,450,-47.94
2018,6,21,455,-47.94
2018,6,21,460,-47.94
2018,6,21,465,-47.94
2018,6,21,470,-47.94
2018,6,21,475,-47.94
2018,6,21,480,-47.94
2018,6,21,485,-47.94
2018,6,21,490,-47.94
2018,6,21,495,-47.94
2018,6,21,500,-47.94
2018,6,21,505,-47.94
2018,6,21,510,-47.94
2018,6,21,515,-47.94
2018,6,21,520,-47.94
2018,6,21,525,-47.94
2018,6,21,530,-47.94
2018,6,21,535,-47.94
2018,6,21,540,-47.94
2018,6,21,545,-47.94
2018,6,21,550,-47.94
2018,6,21,555,-47.94
2018,6,21,560,-47.94
2018,6,21,565,-47.94
2018,6,21,570,-47.94
2018,6,21,575,-47.94
2018,6,21,580,-47.94
2018,6,21,585,-47.94
2018,6,21,590,-47.94
2018,6,21,595,-47.94
2018,6,21,600,-47.94
2018,6,21,605,-47.94
2018,6,21,610,-47.94
2018,6,21,615,-47.94
2018,6,21,620,-47.94
2018,6,21,625,-47.94
2018,6,21,630,-47.94
2018,6,21,635,-47.94
2018,6,21,640,-47.94
2018,6,21,645,-47.94
2018,6,21,650,-47.94
2018,6,21,655,-47.94
2018,6,21,660,-47.94
2018,6,21,665,-47.94
2018,6,21,670,-47.94
2018,6,21,675,-47.94
2018,6,21,680,-47.94
2018,6,21,685,-47.94
2018,6,21,690,-47.94
2018,6,21,695,-47.94
2018,6,21,700,-47.94
2018,6,21,705,-47.94
2018,6,21,710,-47.94
2018,6,21,715,-47.94
2018,6,21,720,-47.94
2018,6,21,725,-47.94
2018,6,21,730,-47.94
2018,6,21,735,-47.94
2018,6,21,740,-47.94
2018,6,21,745,-47.94
2018,6,21,750,-47.94
2018,6,21,755,-47.94
2018,6,21,760,-47.94
2018,6,21,765,-47.94
2018,6,21,770,-47.94
2018,6,21,775,-47.94
2018,6,21,780,-47.94
2018,6,21,785,-47.94
2018,6,21,790,-47.94
2018,6,21,795,-47.94
2018,6,21,800,-47.94
2018,6,21,805,-47.94
2018,6,21,810,-47.94
2018,6,21,815,-47.94
2018,6,21,820,-47.94
2018,6,21,825,-47.94
2018,6,21,830,-47.94
2018,6,21,835,-50.29
2018,6,21,840,-52.08
2018,6,21,845,-53.12
2018,6,21,850,-49.83
2018,6,21,855,-49.5
2018,6,21,860,-48.36
2018,6,21,865,-47.94
2018,6,21,870,-47.94
2018,6,21,875,-47.94
2018,6,21,880,-47.94
2018,6,21,885,-47.94
2018,6,21,890,-47.94
2018,6,21,895,-47.94
2018,6,21,900,-47.94
2018,6,21,905,-47.94
2018,6,21,910,-47.94
2018,6,21,915,-47.94
2018,6,21,920,-47.94
2018,6,21,925,-47.94
2018,6,21,930,-47.94
2018,6,21,935,-47.94
2018,6,21,940,-47.94
2018,6,21,945,-47.94
2018,6,21,950,-47.94
2018,6,21,955,-47.94
2018,6,21,960,-47.94
2018,6,21,965,-47.94
2018,6,21,970,-47.94
2018,6,21,975,-47.94
2018,6,21,980,-47.94
2018,6,21,985,-47.94
2018,6,21,990,-47.94
2018,6,21,995,-47.94
2018,6,21,1000,-47.94
2018,6,21,1005,-47.94
2018,6,21,1010,-47.94
2018,6,21,1015,-47.94
2018,6,21,1020,-47.94
2018,6,21,1025,-47.94
2018,6,21,1030,-47.94
2018,6,21,1035,-47.94
2018,6,21,1040,-47.94
2018,6,21,1045,-47.94
2018,6,21,1050,-47.94
2018,6,21,1055,-47.94
2018,6,21,1060,-47.94
2018,6,21,1065,-47.94
2018,6,21,1070,-47.94
2018,6,21,1075,-47.94
2018,6,21,1080,-47.94
2018,6,21,1085,-47.94
2018,6,21,1090,-47.94
2018,6,21,1095,-47.94
2018,6,21,1100,-47.94
2018,6,21,1105,-47.94
2018,6,21,1110,-47.94
2018,6,21,1115,-47.94
2018,6,21,1120,-47.94
2018,6,21,1125,-47.94
2018,6,21,1130,-47.94
2018,6,21,1135,-47.94
2018,6,21,1140,-47.94
2018,6,21,1145,-47.94
2018,6,21,1150,-47.94
2018,6,21,1155,-47.94
2018,6,21,1160,-47.94
2018,6,21,1165,-47.94
2018,6,21,1170,-47.94
2018,6,21,1175,-47.94
2018,6,21,1180,-47.94
2018,6,21,1185,-47.94
2018,6,21,1190,-47.94
2018,6,21,1195,-47.94
2018,6,21,1200,-47.94
2018,6,21,1205,-47.94
2018,6,21,1210,-47.94
2018,6,21,1215,-47.94
2018,6,21,1220,-47.94
2018,6,21,1225,-47.94
2018,6,21,1230,-47.94
2018,6,21,1235,-47.94
2018,6,21,1240,-47.94
2018,6,21,1245,-47.94
2018,6,21,1250,-47.94
2018,6,21,1255,-47.94
2018,6,21,1260,-47.94
2018,6,21,1265,-47.94
2018,6,21,1270,-47.94
2018,6,21,1275,-47.94
2018,6,21,1280,-47.94
2018,6,21,1285,-47.94
2018,6,21,1290,-47.94
2018,6,21,1295,-47.94
2018,6,21,1300,-47.94
2018,6,21,1305,-47.94
2018,6,21,1310,-47.94
2018,6,21,1315,-47.94
2018,6,21,1320,-47.94
2018,6,21,1325,-47.94
2018,6,21,1330,-47.94
2018,6,21,1335,-47.94
2018,6,21,1340,-47.94
2018,6,21,1345,-47.94
2018,6,21,1350,-47.94
2018,6,21,1355,-47.94
2018,6,21,1360,-47.94
2018,6,21,1365,-47.94
2018,6,21,1370,-47.94
2018,6,21,1375,-47.94
2018,6,21,1380,-47.94
2018,6,21,1385,-47.94
2018,6,21,1390,-47.94
2018,6,21,1395,-47.94
2018,6,21,1400,-47.94
2018,6,21,1405,-47.94
2018,6,21,1410,-47.94
2018,6,21,1415,-47.94
2018,6,21,1420,-47.94
2018,6,21,1425,-47.94
2018,6,21,1430,-47.94
2018,6,21,1435,-47.94
2018,6,22,0,-47.94
2018,6,22,5,-47.94
2018,6,22,10,-47.94
2018,6,22,15,-47.94
2018,6,22,20,-47.94
2018,6,22,25,-47.94
2018,6,22,30,-47.94
2018,6,22,35,-47.94
2018,6,22,40,-47.94
2018,6,22,45,-47.94
2018,6,22,50,-47.94
2018,6,22,55,-47.94
2018,6,22,60,-47.94
2018,6,22,65,-47.94
2018,6,22,70,-47.94
2018,6,22,75,-47.94
2018,6,22,80,-47.94
2018,6,22,85,-47.94
2018,6,22,90,-47.94
2018,6,22,95,-47.94
2018,6,22,100,-47.94
2018,6,22,105,-47.94
2018,6,22,110,-47.94
2018,6,22,115,-47.94
2018,6,22,120,-47.94
2018,6,22,125,-47.94
2018,6,22,130,-47.94
2018,6,22,135,-47.94
2018,6,22,140,-47.94
2018,6,22,145,-47.94
2018,6,22,150,-47.94
2018,6,22,155,-47.94
2018,6,22,160,-47.94
2018,6,22,165,-47.94
2018,6,22,170,-47.94
2018,6,22,175,-47.94
2018,6,22,180,-47.94
2018,6,22,185,-47.94
2018,6,22,190,-47.94
2018,6,22,195,-47.94
2018,6,22,200,-47.94
2018,6,22,205,-47.94
2018,6,22,210,-47.94
2018,6,22,215,-47.94
2018,6,22,220,-47.94
2018,6,22,225,-47.94
2018,6,22,230,-47.94
2018,6,22,235,-47.94
2018,6,22,240,-47.94
2018,6,22,245,-47.94
2018,6,22,250,-47.94
2018,6,22,255,-47.94
2018,6,22,260,-47.94
2018,6,22,265,-47.94
2018,6,22,270,-47.94
2018,6,22,275,-47.94
2018,6,22,280,-47.94
2018,6,22,285,-47.94
2018,6,22,290,-47.94
2018,6,22,295,-47.94
2018,6,22,300,-47.94
2018,6,22,305,-47.94
2018,6,22,310,-47.94
2018,6,22,315,-47.94
2018,6,22,320,-47.94
2018,6,22,325,-47.94
2018,6,22,330,-47.94
2018,6,22,335,-47.94
2018,6,22,340,-47.94
2018,6,22,345,-47.94
2018,6,22,350,-47.94
2018,6,22,355,-47.94
2018,6,22,360,-47.94
2018,6,22,365,-47.94
2018,6,22,370,-47.94
2018,6,22,375,-47.94
2018,6,22,380,-47.94
2018,6,22,385,-47.94
2018,6,22,390,-47.94
2018,6,22,395,-47.94
2018,6,22,400,-47.94
2018,6,22,405,-47.94
