2018-06-15 09:15,-47.98
2018-06-15 09:20,-47.98
2018-06-15 09:25,-47.98
2018-06-15 09:30,-47.98
2018-06-15 09:35,-47.98
2018-06-15 09:40,-47.98
2018-06-15 09:45,-47.98
2018-06-15 09:50,-47.98
2018-06-15 09:55,-47.98
2018-06-15 10:00,-47.98
2018-06-15 10:05,-47.98
2018-06-15 10:10,-47.98
2018-06-15 10:15,-47.98
2018-06-15 10:20,-47.98
2018-06-15 10:25,-47.98
2018-06-15 10:30,-47.98
2018-06-15 10:35,-47.98
2018-06-15 10:40,-47.98
2018-06-15 10:45,-47.98
2018-06-15 10:50,-47.98
2018-06-15 10:55,-47.98
2018-06-15 11:00,-47.98
2018-06-15 11:05,-47.98
2018-06-15 11:10,-47.98
2018-06-15 11:15,-47.98
2018-06-15 11:20,-47.98
2018-06-15 11:25,-47.98
2018-06-15 11:30,-47.98
2018-06-15 11:35,-47.98
2018-06-15 11:40,-47.98
2018-06-15 11:45,-47.98
2018-06-15 11:50,-47.98
2018-06-15 11:55,-47.98
2018-06-15 12:00,-47.98
2018-06-15 12:05,-47.98
2018-06-15 12:10,-47.98
2018-06-15 12:15,-47.98
2018-06-15 12:20,-47.98
2018-06-15 12:25,-47.98
2018-06-15 12:30,-47.98
2018-06-15 12:35,-47.98
2018-06-15 12:40,-47.98
2018-06-15 12:45,-47.98
2018-06-15 12:50,-47.98
2018-06-15 12:55,-47.98
2018-06-15 13:00,-47.98
2018-06-15 13:05,-47.98
2018-06-15 13:10,-47.98
2018-06-15 13:15,-47.98
2018-06-15 13:20,-47.98
2018-06-15 13:25,-47.98
2018-06-15 13:30,-47.98
2018-06-15 13:35,-47.98
2018-06-15 13:40,-47.98
2018-06-15 13:45,-47.98
2018-06-15 13:50,-47.98
2018-06-15 13:55,-47.98
2018-06-15 14:00,-47.98
2018-06-15 14:05,-47.98
2018-06-15 14:10,-52.74
2018-06-15 14:15,-48.47
2018-06-15 14:20,-54.84
2018-06-15 14:25,-56.03
2018-06-15 14:30,-54.99
2018-06-15 14:35,-53.15
2018-06-15 14:40,-47.96
2018-06-15 14:45,-50.09
2018-06-15 14:50,-47.96
2018-06-15 14:55,-47.96
2018-06-15 15:00,-47.96
2018-06-15 15:05,-47.96
2018-06-15 15:10,-47.96
2018-06-15 15:15,-54.21
2018-06-15 15:20,-54.62
2018-06-15 15:25,-54.77
2018-06-15 15:30,-52.19
2018-06-15 15:35,-49.79
2018-06-15 15:40,-49.56
2018-06-15 15:45,-48.83
2018-06-15 15:50,-48.48
2018-06-15 15:55,-47.96
2018-06-15 16:00,-47.96
2018-06-15 16:05,-47.96
2018-06-15 16:10,-47.96
2018-06-15 16:15,-50.43
2018-06-15 16:20,-50.71
2018-06-15 16:25,-50.98
2018-06-15 16:30,-50.3
2018-06-15 16:35,-50.56
2018-06-15 16:40,-48.83
2018-06-15 16:45,-49.44
2018-06-15 16:50,-47.96
2018-06-15 16:55,-47.96
2018-06-15 17:00,-47.96
2018-06-15 17:05,-47.96
2018-06-15 17:10,-47.96
2018-06-15 17:15,-48.03
2018-06-15 17:20,-47.96
2018-06-15 17:25,-47.96
2018-06-15 17:30,-48.03
2018-06-15 17:35,-48.03
2018-06-15 17:40,-47.96
2018-06-15 17:45,-47.96
2018-06-15 17:50,-47.96
2018-06-15 17:55,-47.96
2018-06-15 18:00,-47.96
2018-06-15 18:05,-47.96
2018-06-15 18:10,-47.96
2018-06-15 18:15,-47.96
2018-06-15 18:20,-47.96
2018-06-15 18:25,-47.96
2018-06-15 18:30,-47.96
2018-06-15 18:35,-47.96
2018-06-15 18:40,-47.96
2018-06-15 18:45,-47.96
2018-06-15 18:50,-47.96
2018-06-15 18:55,-47.96
2018-06-15 19:00,-47.96
2018-06-15 19:05,-47.96
2018-06-15 19:10,-47.96
2018-06-15 19:15,-47.96
2018-06-15 19:20,-47.96
2018-06-15 19:25,-47.96
2018-06-15 19:30,-47.96
2018-06-15 19:35,-47.96
2018-06-15 19:40,-48.03
2018-06-15 19:45,-47.96
2018-06-15 19:50,-47.96
2018-06-15 19:55,-47.96
2018-06-15 20:00,-47.96
2018-06-15 20:05,-47.96
2018-06-15 20:10,-47.96
2018-06-15 20:15,-47.96
2018-06-15 20:20,-47.96
2018-06-15 20:25,-47.96
2018-06-15 20:30,-47.96
2018-06-15 20:35,-47.96
2018-06-15 20:40,-47.96
2018-06-15 20:45,-47.96
2018-06-15 20:50,-47.96
2018-06-15 20:55,-47.96
2018-06-15 21:00,-47.96
2018-06-15 21:05,-47.96
2018-06-15 21:10,-47.96
2018-06-15 21:15,-47.96
2018-06-15 21:20,-47.96
2018-06-15 21:25,-47.96
2018-06-15 21:30,-47.96
2018-06-15 21:35,-47.96
2018-06-15 21:40,-47.96
2018-06-15 21:45,-47.96
2018-06-15 21:50,-47.96
2018-06-15 21:55,-47.96
2018-06-15 22:00,-47.96
2018-06-15 22:05,-47.96
2018-06-15 22:10,-47.96
2018-06-15 22:15,-47.96
2018-06-15 22:20,-47.96
2018-06-15 22:25,-47.96
2018-06-15 22:30,-47.96
2018-06-15 22:35,-47.96
2018-06-15 22:40,-47.96
2018-06-15 22:45,-47.96
2018-06-15 22:50,-47.96
2018-06-15 22:55,-47.96
2018-06-15 23:00,-47.96
2018-06-15 23:05,-47.96
2018-06-15 23:10,-47.96
2018-06-15 23:15,-47.96
2018-06-15 23:20,-47.96
2018-06-15 23:25,-47.96
2018-06-15 23:30,-47.96
2018-06-15 23:35,-47.96
2018-06-15 23:40,-47.96
2018-06-15 23:45,-47.96
2018-06-15 23:50,-47.96
2018-06-15 23:55,-47.96
2018-06-16 00:00,-47.96
2018-06-16 00:05,-47.96
2018-06-16 00:10,-47.96
2018-06-16 00:15,-47.96
2018-06-16 00:20,-47.96
2018-06-16 00:25,-47.96
2018-06-16 00:30,-47.96
2018-06-16 00:35,-47.96
2018-06-16 00:40,-47.96
2018-06-16 00:45,-47.96
2018-06-16 00:50,-47.96
2018-06-16 00:55,-47.96
2018-06-16 01:00,-47.96
2018-06-16 01:05,-47.96
2018-06-16 01:10,-47.96
2018-06-16 01:15,-47.96
2018-06-16 01:20,-47.96
2018-06-16 01:25,-47.96
2018-06-16 01:30,-47.96
2018-06-16 01:35,-47.96
2018-06-16 01:40,-47.96
2018-06-16 01:45,-47.96
2018-06-16 01:50,-47.96
2018-06-16 01:55,-47.96
2018-06-16 02:00,-47.96
2018-06-16 02:05,-47.96
2018-06-16 02:10,-47.96
2018-06-16 02:15,-47.96
2018-06-16 02:20,-47.96
2018-06-16 02:25,-47.96
2018-06-16 02:30,-47.96
2018-06-16 02:35,-47.96
2018-06-16 02:40,-47.96
2018-06-16 02:45,-47.96
2018-06-16 02:50,-47.96
2018-06-16 02:55,-47.96
2018-06-16 03:00,-47.96
2018-06-16 03:05,-47.96
2018-06-16 03:10,-47.96
2018-06-16 03:15,-47.96
2018-06-16 03:20,-47.96
2018-06-16 03:25,-47.96
2018-06-16 03:30,-47.96
2018-06-16 03:35,-47.96
2018-06-16 03:40,-47.96
2018-06-16 03:45,-47.96
2018-06-16 03:50,-47.96
2018-06-16 03:55,-47.96
2018-06-16 04:00,-47.96
2018-06-16 04:05,-47.96
2018-06-16 04:10,-47.96
2018-06-16 04:15,-47.96
2018-06-16 04:20,-47.96
2018-06-16 04:25,-47.96
2018-06-16 04:30,-47.96
2018-06-16 04:35,-47.96
2018-06-16 04:40,-47.96
2018-06-16 04:45,-47.96
2018-06-16 04:50,-47.96
2018-06-16 04:55,-47.96
2018-06-16 05:00,-47.96
2018-06-16 05:05,-47.96
2018-06-16 05:10,-47.96
2018-06-16 05:15,-47.96
2018-06-16 05:20,-47.96
2018-06-16 05:25,-47.96
2018-06-16 05:30,-47.96
2018-06-16 05:35,-47.96
2018-06-16 05:40,-47.96
2018-06-16 05:45,-47.96
2018-06-16 05:50,-47.96
2018-06-16 05:55,-47.96
2018-06-16 06:00,-47.96
2018-06-16 06:05,-47.96
2018-06-16 06:10,-47.96
2018-06-16 06:15,-47.96
2018-06-16 06:20,-47.96
2018-06-16 06:25,-47.96
2018-06-16 06:30,-47.96
2018-06-16 06:35,-47.96
2018-06-16 06:40,-47.96
2018-06-16 06:45,-47.96
2018-06-16 06:50,-47.96
2018-06-16 06:55,-47.96
2018-06-16 07:00,-47.96
2018-06-16 07:05,-47.96
2018-06-16 07:10,-47.96
2018-06-16 07:15,-47.96
2018-06-16 07:20,-47.96
2018-06-16 07:25,-47.96
2018-06-16 07:30,-47.96
2018-06-16 07:35,-47.96
2018-06-16 07:40,-47.96
2018-06-16 07:45,-47.96
2018-06-16 07:50,-47.96
2018-06-16 07:55,-47.96
2018-06-16 08:00,-47.96
2018-06-16 08:05,-47.96
2018-06-16 08:10,-47.96
2018-06-16 08:15,-47.96
2018-06-16 08:20,-47.96
2018-06-16 08:25,-47.96
2018-06-16 08:30,-47.96
2018-06-16 08:35,-47.96
2018-06-16 08:40,-47.96
2018-06-16 08:45,-47.96
2018-06-16 08:50,-47.96
2018-06-16 08:55,-47.96
2018-06-16 09:00,-47.96
2018-06-16 09:05,-47.96
2018-06-16 09:10,-47.96
2018-06-16 09:15,-47.96
2018-06-16 09:20,-47.96
2018-06-16 09:25,-47.96
2018-06-16 09:30,-47.96
2018-06-16 09:35,-47.96
2018-06-16 09:40,-47.96
2018-06-16 09:45,-47.96
2018-06-16 09:50,-47.96
2018-06-16 09:55,-47.96
2018-06-16 10:00,-47.96
2018-06-16 10:05,-47.96
2018-06-16 10:10,-47.96
2018-06-16 10:15,-47.96
2018-06-16 10:20,-47.96
2018-06-16 10:25,-47.96
2018-06-16 10:30,-47.96
2018-06-16 10:35,-47.96
2018-06-16 10:40,-47.96
2018-06-16 10:45,-47.96
2018-06-16 10:50,-47.96
2018-06-16 10:55,-47.96
2018-06-16 11:00,-47.96
2018-06-16 11:05,-47.96
2018-06-16 11:10,-47.96
2018-06-16 11:15,-47.96
2018-06-16 11:20,-47.96
2018-06-16 11:25,-47.96
2018-06-16 11:30,-47.96
2018-06-16 11:35,-47.96
2018-06-16 11:40,-47.96
2018-06-16 11:45,-47.96
2018-06-16 11:50,-47.96
2018-06-16 11:55,-47.96
2018-06-16 12:00,-47.96
2018-06-16 12:05,-47.96
2018-06-16 12:10,-47.96
2018-06-16 12:15,-47.96
2018-06-16 12:20,-47.96
2018-06-16 12:25,-47.96
2018-06-16 12:30,-47.96
2018-06-16 12:35,-47.96
2018-06-16 12:40,-47.96
2018-06-16 12:45,-49.05
2018-06-16 12:50,-49.55
2018-06-16 12:55,-49.55
2018-06-16 13:00,-49.55
2018-06-16 13:05,-47.96
2018-06-16 13:10,-47.96
2018-06-16 13:15,-47.96
2018-06-16 13:20,-47.96
2018-06-16 13:25,-47.96
2018-06-16 13:30,-47.96
2018-06-16 13:35,-47.96
2018-06-16 13:40,-47.96
2018-06-16 13:45,-47.96
2018-06-16 13:50,-47.96
2018-06-16 13:55,-47.96
2018-06-16 14:00,-47.96
2018-06-16 14:05,-47.96
2018-06-16 14:10,-47.96
2018-06-16 14:15,-47.96
2018-06-16 14:20,-47.96
2018-06-16 14:25,-47.96
2018-06-16 14:30,-47.96
2018-06-16 14:35,-47.96
2018-06-16 14:40,-47.96
2018-06-16 14:45,-47.96
2018-06-16 14:50,-47.96
2018-06-16 14:55,-47.96
2018-06-16 15:00,-47.96
2018-06-16 15:05,-47.96
2018-06-16 15:10,-48.93
2018-06-16 15:15,-50.71
2018-06-16 15:20,-52.21
2018-06-16 15:25,-54.77
2018-06-16 15:30,-54.92
2018-06-16 15:35,-55.07
2018-06-16 15:40,-58.07
2018-06-16 15:45,-58.07
2018-06-16 15:50,-58.01
2018-06-16 15:55,-55.59
2018-06-16 16:00,-55.69
2018-06-16 16:05,-60
2018-06-16 16:10,-60.25
2018-06-16 16:15,-61.22
2018-06-16 16:20,-61.96
2018-06-16 16:25,-59.24
2018-06-16 16:30,-58.9
2018-06-16 16:35,-58.9
2018-06-16 16:40,-49.25
2018-06-16 16:45,-47.96
2018-06-16 16:50,-47.96
2018-06-16 16:55,-47.96
2018-06-16 17:00,-47.96
2018-06-16 17:05,-47.96
2018-06-16 17:10,-47.96
2018-06-16 17:15,-47.96
2018-06-16 17:20,-47.96
2018-06-16 17:25,-47.96
2018-06-16 17:30,-47.96
2018-06-16 17:35,-47.96
2018-06-16 17:40,-47.96
2018-06-16 17:45,-47.96
2018-06-16 17:50,-47.96
2018-06-16 17:55,-47.96
2018-06-16 18:00,-47.96
2018-06-16 18:05,-47.96
2018-06-16 18:10,-47.96
2018-06-16 18:15,-47.96
2018-06-16 18:20,-47.96
2018-06-16 18:25,-47.96
2018-06-16 18:30,-47.96
2018-06-16 18:35,-47.96
2018-06-16 18:40,-47.96
2018-06-16 18:45,-47.96
2018-06-16 18:50,-47.96
2018-06-16 18:55,-47.96
2018-06-16 19:00,-47.96
2018-06-16 19:05,-47.96
2018-06-16 19:10,-47.96
2018-06-16 19:15,-47.96
2018-06-16 19:20,-47.96
2018-06-16 19:25,-47.96
2018-06-16 19:30,-47.96
2018-06-16 19:35,-47.96
2018-06-16 19:40,-47.96
2018-06-16 19:45,-47.96
2018-06-16 19:50,-47.96
2018-06-16 19:55,-47.96
2018-06-16 20:00,-47.96
2018-06-16 20:05,-47.96
2018-06-16 20:10,-47.96
2018-06-16 20:15,-47.96
2018-06-16 20:20,-47.96
2018-06-16 20:25,-47.96
2018-06-16 20:30,-48.06
2018-06-16 20:35,-47.96
2018-06-16 20:40,-47.96
2018-06-16 20:45,-47.96
2018-06-16 20:50,-47.96
2018-06-16 20:55,-47.96
2018-06-16 21:00,-48.06
2018-06-16 21:05,-48.06
2018-06-16 21:10,-47.96
2018-06-16 21:15,-47.96
2018-06-16 21:20,-47.96
2018-06-16 21:25,-47.96
2018-06-16 21:30,-47.96
2018-06-16 21:35,-47.96
2018-06-16 21:40,-47.96
2018-06-16 21:45,-47.96
2018-06-16 21:50,-47.96
2018-06-16 21:55,-47.96
2018-06-16 22:00,-47.96
2018-06-16 22:05,-47.96
2018-06-16 22:10,-47.96
2018-06-16 22:15,-47.96
2018-06-16 22:20,-47.96
2018-06-16 22:25,-47.96
2018-06-16 22:30,-47.96
2018-06-16 22:35,-47.96
2018-06-16 22:40,-47.96
2018-06-16 22:45,-47.96
2018-06-16 22:50,-47.96
2018-06-16 22:55,-47.96
2018-06-16 23:00,-47.96
2018-06-16 23:05,-47.96
2018-06-16 23:10,-47.96
2018-06-16 23:15,-47.96
2018-06-16 23:20,-47.96
2018-06-16 23:25,-47.96
2018-06-16 23:30,-47.96
2018-06-16 23:35,-47.96
2018-06-16 23:40,-47.96
2018-06-16 23:45,-47.96
2018-06-16 23:50,-47.96
2018-06-16 23:55,-47.96
2018-06-17 00:00,-47.96
2018-06-17 00:05,-47.96
2018-06-17 00:10,-47.96
2018-06-17 00:15,-47.96
2018-06-17 00:20,-47.96
2018-06-17 00:25,-47.96
2018-06-17 00:30,-47.96
2018-06-17 00:35,-47.96
2018-06-17 00:40,-47.96
2018-06-17 00:45,-47.96
2018-06-17 00:50,-47.96
2018-06-17 00:55,-47.96
2018-06-17 01:00,-47.96
2018-06-17 01:05,-47.96
2018-06-17 01:10,-47.96
2018-06-17 01:15,-47.96
2018-06-17 01:20,-47.96
2018-06-17 01:25,-47.96
2018-06-17 01:30,-47.96
2018-06-17 01:35,-47.96
2018-06-17 01:40,-47.96
2018-06-17 01:45,-47.96
2018-06-17 01:50,-47.96
2018-06-17 01:55,-47.96
2018-06-17 02:00,-47.96
2018-06-17 02:05,-47.96
2018-06-17 02:10,-47.96
2018-06-17 02:15,-47.96
2018-06-17 02:20,-47.96
2018-06-17 02:25,-47.96
2018-06-17 02:30,-47.96
2018-06-17 02:35,-47.96
2018-06-17 02:40,-47.96
2018-06-17 02:45,-47.96
2018-06-17 02:50,-47.96
2018-06-17 02:55,-47.96
2018-06-17 03:00,-47.96
2018-06-17 03:05,-47.96
2018-06-17 03:10,-47.96
2018-06-17 03:15,-47.96
2018-06-17 03:20,-47.96
2018-06-17 03:25,-47.96
2018-06-17 03:30,-47.96
2018-06-17 03:35,-47.96
2018-06-17 03:40,-47.96
2018-06-17 03:45,-47.96
2018-06-17 03:50,-47.96
2018-06-17 03:55,-47.96
2018-06-17 04:00,-47.96
2018-06-17 04:05,-47.96
2018-06-17 04:10,-47.96
2018-06-17 04:15,-47.96
2018-06-17 04:20,-47.96
2018-06-17 04:25,-47.96
2018-06-17 04:30,-47.96
2018-06-17 04:35,-47.96
2018-06-17 04:40,-47.96
2018-06-17 04:45,-47.96
2018-06-17 04:50,-47.96
2018-06-17 04:55,-47.96
2018-06-17 05:00,-47.96
2018-06-17 05:05,-47.96
2018-06-17 05:10,-47.96
2018-06-17 05:15,-47.96
2018-06-17 05:20,-47.96
2018-06-17 05:25,-47.96
2018-06-17 05:30,-47.96
2018-06-17 05:35,-47.96
2018-06-17 05:40,-47.96
2018-06-17 05:45,-47.96
2018-06-17 05:50,-47.96
2018-06-17 05:55,-47.96
2018-06-17 06:00,-47.96
2018-06-17 06:05,-47.96
2018-06-17 06:10,-47.96
2018-06-17 06:15,-47.96
2018-06-17 06:20,-47.96
2018-06-17 06:25,-47.96
2018-06-17 06:30,-47.96
2018-06-17 06:35,-47.96
2018-06-17 06:40,-47.96
2018-06-17 06:45,-47.96
2018-06-17 06:50,-47.96
2018-06-17 06:55,-47.96
2018-06-17 07:00,-47.96
2018-06-17 07:05,-47.96
2018-06-17 07:10,-47.96
2018-06-17 07:15,-47.96
2018-06-17 07:20,-47.96
2018-06-17 07:25,-47.96
2018-06-17 07:30,-47.96
2018-06-17 07:35,-47.96
2018-06-17 07:40,-47.96
2018-06-17 07:45,-47.96
2018-06-17 07:50,-47.96
2018-06-17 07:55,-47.96
2018-06-17 08:00,-47.96
2018-06-17 08:05,-47.96
2018-06-17 08:10,-47.96
2018-06-17 08:15,-47.96
2018-06-17 08:20,-47.96
2018-06-17 08:25,-47.96
2018-06-17 08:30,-47.96
2018-06-17 08:35,-47.96
2018-06-17 08:40,-47.96
2018-06-17 08:45,-47.96
2018-06-17 08:50,-47.96
2018-06-17 08:55,-47.96
2018-06-17 09:00,-47.96
2018-06-17 09:05,-47.96
2018-06-17 09:10,-47.96
2018-06-17 09:15,-47.96
2018-06-17 09:20,-47.96
2018-06-17 09:25,-47.96
2018-06-17 09:30,-47.96
2018-06-17 09:35,-47.96
2018-06-17 09:40,-47.96
2018-06-17 09:45,-47.96
2018-06-17 09:50,-47.96
2018-06-17 09:55,-47.96
2018-06-17 10:00,-47.96
2018-06-17 10:05,-47.96
2018-06-17 10:10,-47.96
2018-06-17 10:15,-47.96
2018-06-17 10:20,-47.96
2018-06-17 10:25,-47.96
2018-06-17 10:30,-47.96
2018-06-17 10:35,-47.96
2018-06-17 10:40,-47.96
2018-06-17 10:45,-47.96
2018-06-17 10:50,-47.96
2018-06-17 10:55,-47.96
2018-06-17 11:00,-47.96
2018-06-17 11:05,-47.96
2018-06-17 11:10,-47.96
2018-06-17 11:15,-47.96
2018-06-17 11:20,-47.96
2018-06-17 11:25,-47.96
2018-06-17 11:30,-47.96
2018-06-17 11:35,-47.96
2018-06-17 11:40,-47.96
2018-06-17 11:45,-47.96
2018-06-17 11:50,-47.96
2018-06-17 11:55,-47.96
2018-06-17 12:00,-47.96
2018-06-17 12:05,-47.96
2018-06-17 12:10,-47.96
2018-06-17 12:15,-47.96
2018-06-17 12:20,-47.96
2018-06-17 12:25,-47.96
2018-06-17 12:30,-47.96
2018-06-17 12:35,-47.96
2018-06-17 12:40,-47.96
2018-06-17 12:45,-47.96
2018-06-17 12:50,-47.96
2018-06-17 12:55,-47.96
2018-06-17 13:00,-47.96
2018-06-17 13:05,-47.96
2018-06-17 13:10,-47.96
2018-06-17 13:15,-47.96
2018-06-17 13:20,-47.96
2018-06-17 13:25,-47.96
2018-06-17 13:30,-47.96
2018-06-17 13:35,-47.96
2018-06-17 13:40,-47.96
2018-06-17 13:45,-47.96
2018-06-17 13:50,-47.96
2018-06-17 13:55,-47.96
2018-06-17 14:00,-47.96
2018-06-17 14:05,-47.96
2018-06-17 14:10,-47.96
2018-06-17 14:15,-47.96
2018-06-17 14:20,-47.96
2018-06-17 14:25,-47.96
2018-06-17 14:30,-47.96
2018-06-17 14:35,-47.96
2018-06-17 14:40,-47.96
2018-06-17 14:45,-49.12
2018-06-17 14:50,-49.12
2018-06-17 14:55,-47.96
2018-06-17 15:00,-47.96
2018-06-17 15:05,-47.96
2018-06-17 15:10,-49.12
2018-06-17 15:15,-47.94
2018-06-17 15:20,-49.12
2018-06-17 15:25,-47.94
2018-06-17 15:30,-47.94
2018-06-17 15:35,-49.12
2018-06-17 15:40,-47.94
2018-06-17 15:45,-49.12
2018-06-17 15:50,-49.12
2018-06-17 15:55,-47.94
2018-06-17 16:00,-47.94
2018-06-17 16:05,-47.94
2018-06-17 16:10,-47.94
2018-06-17 16:15,-47.94
2018-06-17 16:20,-47.94
2018-06-17 16:25,-47.94
2018-06-17 16:30,-47.94
2018-06-17 16:35,-47.94
2018-06-17 16:40,-47.94
2018-06-17 16:45,-47.94
2018-06-17 16:50,-47.94
2018-06-17 16:55,-47.94
2018-06-17 17:00,-47.94
2018-06-17 17:05,-47.94
2018-06-17 17:10,-47.94
2018-06-17 17:15,-47.94
2018-06-17 17:20,-47.94
2018-06-17 17:25,-47.94
2018-06-17 17:30,-47.94
2018-06-17 17:35,-47.94
2018-06-17 17:40,-47.94
2018-06-17 17:45,-47.94
2018-06-17 17:50,-47.94
2018-06-17 17:55,-47.94
2018-06-17 18:00,-47.94
2018-06-17 18:05,-47.94
2018-06-17 18:10,-47.94
2018-06-17 18:15,-47.94
2018-06-17 18:20,-47.94
2018-06-17 18:25,-47.94
2018-06-17 18:30,-47.94
2018-06-17 18:35,-47.94
2018-06-17 18:40,-47.94
2018-06-17 18:45,-47.94
2018-06-17 18:50,-47.94
2018-06-17 18:55,-47.94
2018-06-17 19:00,-47.94
2018-06-17 19:05,-47.94
2018-06-17 19:10,-47.94
2018-06-17 19:15,-47.94
2018-06-17 19:20,-47.94
2018-06-17 19:25,-47.94
2018-06-17 19:30,-47.94
2018-06-17 19:35,-47.94
2018-06-17 19:40,-47.94
2018-06-17 19:45,-47.94
2018-06-17 19:50,-47.94
2018-06-17 19:55,-47.94
2018-06-17 20:00,-47.94
2018-06-17 20:05,-47.94
2018-06-17 20:10,-47.94
2018-06-17 20:15,-47.94
2018-06-17 20:20,-47.94
2018-06-17 20:25,-47.94
2018-06-17 20:30,-47.94
2018-06-17 20:35,-47.94
2018-06-17 20:40,-47.94
2018-06-17 20:45,-47.94
2018-06-17 20:50,-47.94
2018-06-17 20:55,-47.94
2018-06-17 21:00,-47.94
2018-06-17 21:05,-47.94
2018-06-17 21:10,-47.94
2018-06-17 21:15,-47.94
2018-06-17 21:20,-47.94
2018-06-17 21:25,-47.94
2018-06-17 21:30,-47.94
2018-06-17 21:35,-47.94
2018-06-17 21:40,-47.94
2018-06-17 21:45,-47.94
2018-06-17 21:50,-47.94
2018-06-17 21:55,-47.94
2018-06-17 22:00,-47.94
2018-06-17 22:05,-47.94
2018-06-17 22:10,-47.94
2018-06-17 22:15,-47.94
2018-06-17 22:20,-47.94
2018-06-17 22:25,-47.94
2018-06-17 22:30,-47.94
2018-06-17 22:35,-47.94
2018-06-17 22:40,-47.94
2018-06-17 22:45,-47.94
2018-06-17 22:50,-47.94
2018-06-17 22:55,-47.94
2018-06-17 23:00,-47.94
2018-06-17 23:05,-47.94
2018-06-17 23:10,-47.94
2018-06-17 23:15,-47.94
2018-06-17 23:20,-47.94
2018-06-17 23:25,-47.94
2018-06-17 23:30,-47.94
2018-06-17 23:35,-47.94
2018-06-17 23:40,-47.94
2018-06-17 23:45,-47.94
2018-06-17 23:50,-47.94
2018-06-17 23:55,-47.94
2018-06-18 00:00,-47.94
2018-06-18 00:05,-47.94
2018-06-18 00:10,-47.94
2018-06-18 00:15,-47.94
2018-06-18 00:20,-47.94
2018-06-18 00:25,-47.94
2018-06-18 00:30,-47.94
2018-06-18 00:35,-47.94
2018-06-18 00:40,-47.94
2018-06-18 00:45,-47.94
2018-06-18 00:50,-47.94
2018-06-18 00:55,-47.94
2018-06-18 01:00,-47.94
2018-06-18 01:05,-47.94
2018-06-18 01:10,-47.94
2018-06-18 01:15,-47.94
2018-06-18 01:20,-47.94
2018-06-18 01:25,-47.94
2018-06-18 01:30,-47.94
2018-06-18 01:35,-47.94
2018-06-18 01:40,-47.94
2018-06-18 01:45,-47.94
2018-06-18 01:50,-47.94
2018-06-18 01:55,-47.94
2018-06-18 02:00,-47.94
2018-06-18 02:05,-47.94
2018-06-18 02:10,-47.94
2018-06-18 02:15,-47.94
2018-06-18 02:20,-47.94
2018-06-18 02:25,-47.94
2018-06-18 02:30,-47.94
2018-06-18 02:35,-47.94
2018-06-18 02:40,-47.94
2018-06-18 02:45,-47.94
2018-06-18 02:50,-47.94
2018-06-18 02:55,-47.94
2018-06-18 03:00,-47.94
2018-06-18 03:05,-47.94
2018-06-18 03:10,-47.94
2018-06-18 03:15,-47.94
2018-06-18 03:20,-47.94
2018-06-18 03:25,-47.94
2018-06-18 03:30,-47.94
2018-06-18 03:35,-47.94
2018-06-18 03:40,-47.94
2018-06-18 03:45,-47.94
2018-06-18 03:50,-47.94
2018-06-18 03:55,-47.94
2018-06-18 04:00,-47.94
2018-06-18 04:05,-47.94
2018-06-18 04:10,-47.94
2018-06-18 04:15,-47.94
2018-06-18 04:20,-47.94
2018-06-18 04:25,-47.94
2018-06-18 04:30,-47.94
2018-06-18 04:35,-47.94
2018-06-18 04:40,-47.94
2018-06-18 04:45,-47.94
2018-06-18 04:50,-47.94
2018-06-18 04:55,-47.94
2018-06-18 05:00,-47.94
2018-06-18 05:05,-47.94
2018-06-18 05:10,-47.94
2018-06-18 05:15,-47.94
2018-06-18 05:20,-47.94
2018-06-18 05:25,-47.94
2018-06-18 05:30,-47.94
2018-06-18 05:35,-47.94
2018-06-18 05:40,-47.94
2018-06-18 05:45,-47.94
2018-06-18 05:50,-47.94
2018-06-18 05:55,-47.94
2018-06-18 06:00,-47.94
2018-06-18 06:05,-47.94
2018-06-18 06:10,-47.94
2018-06-18 06:15,-47.94
2018-06-18 06:20,-47.94
2018-06-18 06:25,-47.94
2018-06-18 06:30,-47.94
2018-06-18 06:35,-47.94
2018-06-18 06:40,-47.94
2018-06-18 06:45,-47.94
2018-06-18 06:50,-47.94
2018-06-18 06:55,-47.94
2018-06-18 07:00,-47.94
2018-06-18 07:05,-47.94
2018-06-18 07:10,-47.94
2018-06-18 07:15,-47.94
2018-06-18 07:20,-47.94
2018-06-18 07:25,-47.94
2018-06-18 07:30,-47.94
2018-06-18 07:35,-47.94
2018-06-18 07:40,-47.94
2018-06-18 07:45,-47.94
2018-06-18 07:50,-47.94
2018-06-18 07:55,-47.94
2018-06-18 08:00,-47.94
2018-06-18 08:05,-47.94
2018-06-18 08:10,-47.94
2018-06-18 08:15,-47.94
2018-06-18 08:20,-47.94
2018-06-18 08:25,-47.94
2018-06-18 08:30,-47.94
2018-06-18 08:35,-47.94
2018-06-18 08:40,-47.94
2018-06-18 08:45,-47.94
2018-06-18 08:50,-47.94
2018-06-18 08:55,-47.94
2018-06-18 09:00,-47.94
2018-06-18 09:05,-47.94
2018-06-18 09:10,-47.94
2018-06-18 09:15,-47.94
2018-06-18 09:20,-47.94
2018-06-18 09:25,-47.94
2018-06-18 09:30,-47.94
2018-06-18 09:35,-47.94
2018-06-18 09:40,-47.94
2018-06-18 09:45,-47.94
2018-06-18 09:50,-47.94
2018-06-18 09:55,-47.94
2018-06-18 10:00,-47.94
2018-06-18 10:05,-47.94
2018-06-18 10:10,-47.94
2018-06-18 10:15,-47.94
2018-06-18 10:20,-47.94
2018-06-18 10:25,-47.94
2018-06-18 10:30,-47.94
2018-06-18 10:35,-47.94
2018-06-18 10:40,-47.94
2018-06-18 10:45,-47.94
2018-06-18 10:50,-47.94
2018-06-18 10:55,-47.94
2018-06-18 11:00,-47.94
2018-06-18 11:05,-47.94
2018-06-18 11:10,-47.94
2018-06-18 11:15,-47.94
2018-06-18 11:20,-47.94
2018-06-18 11:25,-47.94
2018-06-18 11:30,-47.94
2018-06-18 11:35,-47.94
2018-06-18 11:40,-47.94
2018-06-18 11:45,-47.94
2018-06-18 11:50,-47.94
2018-06-18 11:55,-47.94
2018-06-18 12:00,-47.94
2018-06-18 12:05,-47.94
2018-06-18 12:10,-47.94
2018-06-18 12:15,-47.94
2018-06-18 12:20,-47.94
2018-06-18 12:25,-47.94
2018-06-18 12:30,-47.94
2018-06-18 12:35,-47.94
2018-06-18 12:40,-47.94
2018-06-18 12:45,-47.94
2018-06-18 12:50,-47.94
2018-06-18 12:55,-47.94
2018-06-18 13:00,-47.94
2018-06-18 13:05,-47.94
2018-06-18 13:10,-47.94
2018-06-18 13:15,-47.94
2018-06-18 13:20,-47.94
2018-06-18 13:25,-47.94
2018-06-18 13:30,-47.94
2018-06-18 13:35,-47.94
2018-06-18 13:40,-47.94
2018-06-18 13:45,-47.94
2018-06-18 13:50,-47.94
2018-06-18 13:55,-47.94
2018-06-18 14:00,-47.94
2018-06-18 14:05,-47.94
2018-06-18 14:10,-47.94
2018-06-18 14:15,-47.94
2018-06-18 14:20,-47.94
2018-06-18 14:25,-47.94
2018-06-18 14:30,-47.94
2018-06-18 14:35,-47.94
2018-06-18 14:40,-47.94
2018-06-18 14:45,-47.94
2018-06-18 14:50,-47.94
2018-06-18 14:55,-47.94
2018-06-18 15:00,-47.94
2018-06-18 15:05,-47.94
2018-06-18 15:10,-47.94
2018-06-18 15:15,-47.94
2018-06-18 15:20,-47.94
2018-06-18 15:25,-47.94
2018-06-18 15:30,-47.94
2018-06-18 15:35,-47.94
2018-06-18 15:40,-47.94
2018-06-18 15:45,-47.94
2018-06-18 15:50,-47.94
2018-06-18 15:55,-47.94
2018-06-18 16:00,-47.94
2018-06-18 16:05,-47.94
2018-06-18 16:10,-47.94
2018-06-18 16:15,-47.94
2018-06-18 16:20,-47.94
2018-06-18 16:25,-47.94
2018-06-18 16:30,-47.94
2018-06-18 16:35,-47.94
2018-06-18 16:40,-47.94
2018-06-18 16:45,-47.94
2018-06-18 16:50,-47.94
2018-06-18 16:55,-47.94
2018-06-18 17:00,-47.94
2018-06-18 17:05,-47.94
2018-06-18 17:10,-47.94
2018-06-18 17:15,-47.94
2018-06-18 17:20,-47.94
2018-06-18 17:25,-47.94
2018-06-18 17:30,-47.94
2018-06-18 17:35,-47.94
2018-06-18 17:40,-47.94
2018-06-18 17:45,-47.94
2018-06-18 17:50,-47.94
2018-06-18 17:55,-47.94
2018-06-18 18:00,-47.94
2018-06-18 18:05,-47.94
2018-06-18 18:10,-47.94
2018-06-18 18:15,-47.94
2018-06-18 18:20,-47.94
2018-06-18 18:25,-47.94
2018-06-18 18:30,-47.94
2018-06-18 18:35,-47.94
2018-06-18 18:40,-47.94
2018-06-18 18:45,-47.94
2018-06-18 18:50,-47.94
2018-06-18 18:55,-47.94
2018-06-18 19:00,-47.94
2018-06-18 19:05,-47.94
2018-06-18 19:10,-47.94
2018-06-18 19:15,-47.94
2018-06-18 19:20,-47.94
2018-06-18 19:25,-47.94
2018-06-18 19:30,-47.94
2018-06-18 19:35,-47.94
2018-06-18 19:40,-47.94
2018-06-18 19:45,-47.94
2018-06-18 19:50,-47.94
2018-06-18 19:55,-47.94
2018-06-18 20:00,-47.94
2018-06-18 20:05,-47.94
2018-06-18 20:10,-47.94
2018-06-18 20:15,-47.94
2018-06-18 20:20,-47.94
2018-06-18 20:25,-47.94
2018-06-18 20:30,-47.94
2018-06-18 20:35,-47.94
2018-06-18 20:40,-47.94
2018-06-18 20:45,-47.94
2018-06-18 20:50,-47.94
2018-06-18 20:55,-47.94
2018-06-18 21:00,-47.94
2018-06-18 21:05,-47.94
2018-06-18 21:10,-47.94
2018-06-18 21:15,-47.94
2018-06-18 21:20,-47.94
2018-06-18 21:25,-47.94
2018-06-18 21:30,-47.94
2018-06-18 21:35,-47.94
2018-06-18 21:40,-47.94
2018-06-18 21:45,-47.94
2018-06-18 21:50,-47.94
2018-06-18 21:55,-47.94
2018-06-18 22:00,-47.94
2018-06-18 22:05,-47.94
2018-06-18 22:10,-47.94
2018-06-18 22:15,-47.94
2018-06-18 22:20,-47.94
2018-06-18 22:25,-47.94
2018-06-18 22:30,-47.94
2018-06-18 22:35,-47.94
2018-06-18 22:40,-47.94
2018-06-18 22:45,-47.94
2018-06-18 22:50,-47.94
2018-06-18 22:55,-47.94
2018-06-18 23:00,-47.94
2018-06-18 23:05,-47.94
2018-06-18 23:10,-47.94
2018-06-18 23:15,-47.94
2018-06-18 23:20,-47.94
2018-06-18 23:25,-47.94
2018-06-18 23:30,-47.94
2018-06-18 23:35,-47.94
2018-06-18 23:40,-47.94
2018-06-18 23:45,-47.94
2018-06-18 23:50,-47.94
2018-06-18 23:55,-47.94
2018-06-19 00:00,-47.94
2018-06-19 00:05,-47.94
2018-06-19 00:10,-47.94
2018-06-19 00:15,-47.94
2018-06-19 00:20,-47.94
2018-06-19 00:25,-47.94
2018-06-19 00:30,-47.94
2018-06-19 00:35,-47.94
2018-06-19 00:40,-47.94
2018-06-19 00:45,-47.94
2018-06-19 00:50,-47.94
2018-06-19 00:55,-47.94
2018-06-19 01:00,-47.94
2018-06-19 01:05,-47.94
2018-06-19 01:10,-47.94
2018-06-19 01:15,-47.94
2018-06-19 01:20,-47.94
2018-06-19 01:25,-47.94
2018-06-19 01:30,-47.94
2018-06-19 01:35,-47.94
2018-06-19 01:40,-47.94
2018-06-19 01:45,-47.94
2018-06-19 01:50,-47.94
2018-06-19 01:55,-47.94
2018-06-19 02:00,-47.94
2018-06-19 02:05,-47.94
2018-06-19 02:10,-47.94
2018-06-19 02:15,-47.94
2018-06-19 02:20,-47.94
2018-06-19 02:25,-47.94
2018-06-19 02:30,-47.94
2018-06-19 02:35,-47.94
2018-06-19 02:40,-47.94
2018-06-19 02:45,-47.94
2018-06-19 02:50,-47.94
2018-06-19 02:55,-47.94
2018-06-19 03:00,-47.94
2018-06-19 03:05,-47.94
2018-06-19 03:10,-47.94
2018-06-19 03:15,-47.94
2018-06-19 03:20,-47.94
2018-06-19 03:25,-47.94
2018-06-19 03:30,-47.94
2018-06-19 03:35,-47.94
2018-06-19 03:40,-47.94
2018-06-19 03:45,-47.94
2018-06-19 03:50,-47.94
2018-06-19 03:55,-47.94
2018-06-19 04:00,-47.94
2018-06-19 04:05,-47.94
2018-06-19 04:10,-47.94
2018-06-19 04:15,-47.94
2018-06-19 04:20,-47.94
2018-06-19 04:25,-47.94
2018-06-19 04:30,-47.94
2018-06-19 04:35,-47.94
2018-06-19 04:40,-47.94
2018-06-19 04:45,-47.94
2018-06-19 04:50,-47.94
2018-06-19 04:55,-47.94
2018-06-19 05:00,-47.94
2018-06-19 05:05,-47.94
2018-06-19 05:10,-47.94
2018-06-19 05:15,-47.94
2018-06-19 05:20,-47.94
2018-06-19 05:25,-47.94
2018-06-19 05:30,-47.94
2018-06-19 05:35,-47.94
2018-06-19 05:40,-47.94
2018-06-19 05:45,-47.94
2018-06-19 05:50,-47.94
2018-06-19 05:55,-47.94
2018-06-19 06:00,-47.94
2018-06-19 06:05,-47.94
2018-06-19 06:10,-47.94
2018-06-19 06:15,-47.94
2018-06-19 06:20,-47.94
2018-06-19 06:25,-47.94
2018-06-19 06:30,-47.94
2018-06-19 06:35,-47.94
2018-06-19 06:40,-47.94
2018-06-19 06:45,-47.94
2018-06-19 06:50,-47.94
2018-06-19 06:55,-47.94
2018-06-19 07:00,-47.94
2018-06-19 07:05,-47.94
2018-06-19 07:10,-47.94
2018-06-19 07:15,-47.94
2018-06-19 07:20,-47.94
2018-06-19 07:25,-47.94
2018-06-19 07:30,-47.94
2018-06-19 07:35,-47.94
2018-06-19 07:40,-47.94
2018-06-19 07:45,-47.94
2018-06-19 07:50,-47.94
2018-06-19 07:55,-47.94
2018-06-19 08:00,-47.94
2018-06-19 08:05,-47.94
2018-06-19 08:10,-47.94
2018-06-19 08:15,-47.94
2018-06-19 08:20,-47.94
2018-06-19 08:25,-47.94
2018-06-19 08:30,-47.94
2018-06-19 08:35,-47.94
2018-06-19 08:40,-47.94
2018-06-19 08:45,-47.94
2018-06-19 08:50,-47.94
2018-06-19 08:55,-47.94
2018-06-19 09:00,-47.94
2018-06-19 09:05,-47.94
2018-06-19 09:10,-47.94
2018-06-19 09:15,-47.94
2018-06-19 09:20,-47.94
2018-06-19 09:25,-47.94
2018-06-19 09:30,-47.94
2018-06-19 09:35,-47.94
2018-06-19 09:40,-47.94
2018-06-19 09:45,-47.94
2018-06-19 09:50,-47.94
2018-06-19 09:55,-47.94
2018-06-19 10:00,-47.94
2018-06-19 10:05,-47.94
2018-06-19 10:10,-47.94
2018-06-19 10:15,-47.94
2018-06-19 10:20,-47.94
2018-06-19 10:25,-47.94
2018-06-19 10:30,-47.94
2018-06-19 10:35,-47.94
2018-06-19 10:40,-47.94
2018-06-19 10:45,-47.94
2018-06-19 10:50,-47.94
2018-06-19 10:55,-47.94
2018-06-19 11:00,-47.94
2018-06-19 11:05,-47.94
2018-06-19 11:10,-47.94
2018-06-19 11:15,-47.94
2018-06-19 11:20,-47.94
2018-06-19 11:25,-47.94
2018-06-19 11:30,-47.94
2018-06-19 11:35,-47.94
2018-06-19 11:40,-47.94
2018-06-19 11:45,-47.94
2018-06-19 11:50,-47.94
2018-06-19 11:55,-47.94
2018-06-19 12:00,-47.94
2018-06-19 12:05,-47.94
2018-06-19 12:10,-47.94
2018-06-19 12:15,-47.94
2018-06-19 12:20,-47.94
2018-06-19 12:25,-47.94
2018-06-19 12:30,-47.94
2018-06-19 12:35,-47.94
2018-06-19 12:40,-47.94
2018-06-19 12:45,-47.94
2018-06-19 12:50,-47.94
2018-06-19 12:55,-47.94
2018-06-19 13:00,-47.94
2018-06-19 13:05,-47.94
2018-06-19 13:10,-47.94
2018-06-19 13:15,-47.94
2018-06-19 13:20,-47.94
2018-06-19 13:25,-47.94
2018-06-19 13:30,-47.94
2018-06-19 13:35,-47.94
2018-06-19 13:40,-47.94
2018-06-19 13:45,-47.94
2018-06-19 13:50,-47.94
2018-06-19 13:55,-47.94
2018-06-19 14:00,-47.94
2018-06-19 14:05,-47.94
2018-06-19 14:10,-47.94
2018-06-19 14:15,-47.94
2018-06-19 14:20,-47.94
2018-06-19 14:25,-47.94
2018-06-19 14:30,-47.94
2018-06-19 14:35,-47.94
2018-06-19 14:40,-47.94
2018-06-19 14:45,-47.94
2018-06-19 14:50,-47.94
2018-06-19 14:55,-47.94
2018-06-19 15:00,-47.94
2018-06-19 15:05,-47.94
2018-06-19 15:10,-47.94
2018-06-19 15:15,-47.94
2018-06-19 15:20,-47.94
2018-06-19 15:25,-47.94
2018-06-19 15:30,-47.94
2018-06-19 15:35,-47.94
2018-06-19 15:40,-47.94
2018-06-19 15:45,-47.94
2018-06-19 15:50,-47.94
2018-06-19 15:55,-47.94
2018-06-19 16:00,-47.94
2018-06-19 16:05,-47.94
2018-06-19 16:10,-47.94
2018-06-19 16:15,-47.94
2018-06-19 16:20,-47.94
2018-06-19 16:25,-47.94
2018-06-19 16:30,-47.94
2018-06-19 16:35,-47.94
2018-06-19 16:40,-47.94
2018-06-19 16:45,-47.94
2018-06-19 16:50,-47.94
2018-06-19 16:55,-47.94
2018-06-19 17:00,-47.94
2018-06-19 17:05,-47.94
2018-06-19 17:10,-47.94
2018-06-19 17:15,-47.94
2018-06-19 17:20,-47.94
2018-06-19 17:25,-47.94
2018-06-19 17:30,-47.94
2018-06-19 17:35,-47.94
2018-06-19 17:40,-47.94
2018-06-19 17:45,-47.94
2018-06-19 17:50,-47.94
2018-06-19 17:55,-47.94
2018-06-19 18:00,-47.94
2018-06-19 18:05,-47.94
2018-06-19 18:10,-47.94
2018-06-19 18:15,-47.94
2018-06-19 18:20,-47.94
2018-06-19 18:25,-47.94
2018-06-19 18:30,-47.94
2018-06-19 18:35,-47.94
2018-06-19 18:40,-47.94
2018-06-19 18:45,-47.94
2018-06-19 18:50,-47.94
2018-06-19 18:55,-47.94
2018-06-19 19:00,-47.94
2018-06-19 19:05,-47.94
2018-06-19 19:10,-47.94
2018-06-19 19:15,-47.94
2018-06-19 19:20,-47.94
2018-06-19 19:25,-47.94
2018-06-19 19:30,-47.94
2018-06-19 19:35,-47.94
2018-06-19 19:40,-47.94
2018-06-19 19:45,-47.94
2018-06-19 19:50,-47.94
2018-06-19 19:55,-47.94
2018-06-19 20:00,-47.94
2018-06-19 20:05,-47.94
2018-06-19 20:10,-47.94
2018-06-19 20:15,-47.94
2018-06-19 20:20,-47.94
2018-06-19 20:25,-47.94
2018-06-19 20:30,-47.94
2018-06-19 20:35,-47.94
2018-06-19 20:40,-47.94
2018-06-19 20:45,-47.94
2018-06-19 20:50,-47.94
2018-06-19 20:55,-47.94
2018-06-19 21:00,-47.94
2018-06-19 21:05,-47.94
2018-06-19 21:10,-47.94
2018-06-19 21:15,-47.94
2018-06-19 21:20,-47.94
2018-06-19 21:25,-47.94
2018-06-19 21:30,-47.94
2018-06-19 21:35,-47.94
2018-06-19 21:40,-47.94
2018-06-19 21:45,-47.94
2018-06-19 21:50,-47.94
2018-06-19 21:55,-47.94
2018-06-19 22:00,-47.94
2018-06-19 22:05,-47.94
2018-06-19 22:10,-47.94
2018-06-19 22:15,-47.94
2018-06-19 22:20,-47.94
2018-06-19 22:25,-47.94
2018-06-19 22:30,-47.94
2018-06-19 22:35,-47.94
2018-06-19 22:40,-47.94
2018-06-19 22:45,-47.94
2018-06-19 22:50,-47.94
2018-06-19 22:55,-47.94
2018-06-19 23:00,-47.94
2018-06-19 23:05,-47.94
2018-06-19 23:10,-47.94
2018-06-19 23:15,-47.94
2018-06-19 23:20,-47.94
2018-06-19 23:25,-47.94
2018-06-19 23:30,-47.94
2018-06-19 23:35,-47.94
2018-06-19 23:40,-47.94
2018-06-19 23:45,-47.94
2018-06-19 23:50,-47.94
2018-06-19 23:55,-47.94
2018-06-20 00:00,-47.94
2018-06-20 00:05,-47.94
2018-06-20 00:10,-47.94
2018-06-20 00:15,-47.94
2018-06-20 00:20,-47.94
2018-06-20 00:25,-47.94
2018-06-20 00:30,-47.94
2018-06-20 00:35,-47.94
2018-06-20 00:40,-47.94
2018-06-20 00:45,-47.94
2018-06-20 00:50,-47.94
2018-06-20 00:55,-47.94
2018-06-20 01:00,-47.94
2018-06-20 01:05,-47.94
2018-06-20 01:10,-47.94
2018-06-20 01:15,-47.94
2018-06-20 01:20,-47.94
2018-06-20 01:25,-47.94
2018-06-20 01:30,-47.94
2018-06-20 01:35,-47.94
2018-06-20 01:40,-47.94
2018-06-20 01:45,-47.94
2018-06-20 01:50,-47.94
2018-06-20 01:55,-47.94
2018-06-20 02:00,-47.94
2018-06-20 02:05,-47.94
2018-06-20 02:10,-47.94
2018-06-20 02:15,-47.94
2018-06-20 02:20,-47.94
2018-06-20 02:25,-47.94
2018-06-20 02:30,-47.94
2018-06-20 02:35,-47.94
2018-06-20 02:40,-47.94
2018-06-20 02:45,-47.94
2018-06-20 02:50,-47.94
2018-06-20 02:55,-47.94
2018-06-20 03:00,-47.94
2018-06-20 03:05,-47.94
2018-06-20 03:10,-47.94
2018-06-20 03:15,-47.94
2018-06-20 03:20,-47.94
2018-06-20 03:25,-47.94
2018-06-20 03:30,-47.94
2018-06-20 03:35,-47.94
2018-06-20 03:40,-47.94
2018-06-20 03:45,-47.94
2018-06-20 03:50,-47.94
2018-06-20 03:55,-47.94
2018-06-20 04:00,-47.94
2018-06-20 04:05,-47.94
2018-06-20 04:10,-47.94
2018-06-20 04:15,-47.94
2018-06-20 04:20,-47.94
2018-06-20 04:25,-47.94
2018-06-20 04:30,-47.94
2018-06-20 04:35,-47.94
2018-06-20 04:40,-47.94
2018-06-20 04:45,-47.94
2018-06-20 04:50,-47.94
2018-06-20 04:55,-47.94
2018-06-20 05:00,-47.94
2018-06-20 05:05,-47.94
2018-06-20 05:10,-47.94
2018-06-20 05:15,-47.94
2018-06-20 05:20,-47.94
2018-06-20 05:25,-47.94
2018-06-20 05:30,-47.94
2018-06-20 05:35,-47.94
2018-06-20 05:40,-47.94
2018-06-20 05:45,-47.94
2018-06-20 05:50,-47.94
2018-06-20 05:55,-47.94
2018-06-20 06:00,-47.94
2018-06-20 06:05,-47.94
2018-06-20 06:10,-47.94
2018-06-20 06:15,-47.94
2018-06-20 06:20,-47.94
2018-06-20 06:25,-47.94
2018-06-20 06:30,-47.94
2018-06-20 06:35,-47.94
2018-06-20 06:40,-47.94
2018-06-20 06:45,-47.94
2018-06-20 06:50,-47.94
2018-06-20 06:55,-47.94
2018-06-20 07:00,-47.94
2018-06-20 07:05,-47.94
2018-06-20 07:10,-47.94
2018-06-20 07:15,-47.94
2018-06-20 07:20,-47.94
2018-06-20 07:25,-47.94
2018-06-20 07:30,-47.94
2018-06-20 07:35,-47.94
2018-06-20 07:40,-47.94
2018-06-20 07:45,-47.94
2018-06-20 07:50,-47.94
2018-06-20 07:55,-47.94
2018-06-20 08:00,-47.94
2018-06-20 08:05,-47.94
2018-06-20 08:10,-47.94
2018-06-20 08:15,-47.94
2018-06-20 08:20,-47.94
2018-06-20 08:25,-47.94
2018-06-20 08:30,-47.94
2018-06-20 08:35,-47.94
2018-06-20 08:40,-47.94
2018-06-20 08:45,-47.94
2018-06-20 08:50,-47.94
2018-06-20 08:55,-47.94
2018-06-20 09:00,-47.94
2018-06-20 09:05,-47.94
2018-06-20 09:10,-47.94
2018-06-20 09:15,-47.94
2018-06-20 09:20,-47.94
2018-06-20 09:25,-47.94
2018-06-20 09:30,-47.94
2018-06-20 09:35,-47.94
2018-06-20 09:40,-47.94
2018-06-20 09:45,-47.94
2018-06-20 09:50,-47.94
2018-06-20 09:55,-47.94
2018-06-20 10:00,-47.94
2018-06-20 10:05,-47.94
2018-06-20 10:10,-47.94
2018-06-20 10:15,-47.94
2018-06-20 10:20,-47.94
2018-06-20 10:25,-47.94
2018-06-20 10:30,-47.94
2018-06-20 10:35,-47.94
2018-06-20 10:40,-47.94
2018-06-20 10:45,-47.94
2018-06-20 10:50,-47.94
2018-06-20 10:55,-47.94
2018-06-20 11:00,-47.94
2018-06-20 11:05,-47.94
2018-06-20 11:10,-47.94
2018-06-20 11:15,-47.94
2018-06-20 11:20,-47.94
2018-06-20 11:25,-47.94
2018-06-20 11:30,-47.94
2018-06-20 11:35,-47.94
2018-06-20 11:40,-47.94
2018-06-20 11:45,-47.94
2018-06-20 11:50,-49.6
2018-06-20 11:55,-71.25
2018-06-20 12:00,-65.01
2018-06-20 12:05,-62.6
2018-06-20 12:10,-58.54
2018-06-20 12:15,-53.39
2018-06-20 12:20,-49.72
2018-06-20 12:25,-52.27
2018-06-20 12:30,-48.6
2018-06-20 12:35,-48.6
2018-06-20 12:40,-48.6
2018-06-20 12:45,-47.94
2018-06-20 12:50,-47.94
2018-06-20 12:55,-47.94
2018-06-20 13:00,-47.94
2018-06-20 13:05,-47.94
2018-06-20 13:10,-47.94
2018-06-20 13:15,-47.94
2018-06-20 13:20,-47.94
2018-06-20 13:25,-47.94
2018-06-20 13:30,-47.94
2018-06-20 13:35,-47.94
2018-06-20 13:40,-47.94
2018-06-20 13:45,-47.94
2018-06-20 13:50,-47.94
2018-06-20 13:55,-47.94
2018-06-20 14:00,-47.94
2018-06-20 14:05,-47.94
2018-06-20 14:10,-47.94
2018-06-20 14:15,-47.94
2018-06-20 14:20,-47.94
2018-06-20 14:25,-47.94
2018-06-20 14:30,-47.94
2018-06-20 14:35,-47.94
2018-06-20 14:40,-47.94
2018-06-20 14:45,-47.94
2018-06-20 14:50,-47.94
2018-06-20 14:55,-47.94
2018-06-20 15:00,-47.94
2018-06-20 15:05,-47.94
2018-06-20 15:10,-47.94
2018-06-20 15:15,-47.94
2018-06-20 15:20,-48.6
2018-06-20 15:25,-47.94
2018-06-20 15:30,-47.94
2018-06-20 15:35,-47.94
2018-06-20 15:40,-47.94
2018-06-20 15:45,-47.94
2018-06-20 15:50,-47.94
2018-06-20 15:55,-47.94
2018-06-20 16:00,-59.8
2018-06-20 16:05,-60.89
2018-06-20 16:10,-62.01
2018-06-20 16:15,-60.23
2018-06-20 16:20,-55.74
2018-06-20 16:25,-55.8
2018-06-20 16:30,-55.31
2018-06-20 16:35,-54.82
2018-06-20 16:40,-53.29
2018-06-20 16:45,-54.53
2018-06-20 16:50,-53.09
2018-06-20 16:55,-53.01
2018-06-20 17:00,-51.6
2018-06-20 17:05,-50.54
2018-06-20 17:10,-50.54
2018-06-20 17:15,-50.54
2018-06-20 17:20,-50.54
2018-06-20 17:25,-50.54
2018-06-20 17:30,-51.04
2018-06-20 17:35,-50.04
2018-06-20 17:40,-50.04
2018-06-20 17:45,-51.04
2018-06-20 17:50,-49.43
2018-06-20 17:55,-49.43
2018-06-20 18:00,-49.43
2018-06-20 18:05,-49.43
2018-06-20 18:10,-49.43
2018-06-20 18:15,-50.43
2018-06-20 18:20,-50.43
2018-06-20 18:25,-50.43
2018-06-20 18:30,-50.43
2018-06-20 18:35,-50.43
2018-06-20 18:40,-50.43
2018-06-20 18:45,-50.43
2018-06-20 18:50,-50.43
2018-06-20 18:55,-50.43
2018-06-20 19:00,-50.43
2018-06-20 19:05,-50.43
2018-06-20 19:10,-50.43
2018-06-20 19:15,-50.43
2018-06-20 19:20,-50.43
2018-06-20 19:25,-50.43
2018-06-20 19:30,-50.43
2018-06-20 19:35,-50.43
2018-06-20 19:40,-50.43
2018-06-20 19:45,-49.79
2018-06-20 19:50,-49.79
2018-06-20 19:55,-49.79
2018-06-20 20:00,-49.79
2018-06-20 20:05,-49.79
2018-06-20 20:10,-49.79
2018-06-20 20:15,-49.79
2018-06-20 20:20,-49.79
2018-06-20 20:25,-47.94
2018-06-20 20:30,-47.94
2018-06-20 20:35,-47.94
2018-06-20 20:40,-47.94
2018-06-20 20:45,-47.94
2018-06-20 20:50,-47.94
2018-06-20 20:55,-47.94
2018-06-20 21:00,-48.43
2018-06-20 21:05,-48.43
2018-06-20 21:10,-48.43
2018-06-20 21:15,-48.43
2018-06-20 21:20,-48.43
2018-06-20 21:25,-48.43
2018-06-20 21:30,-47.94
2018-06-20 21:35,-47.94
2018-06-20 21:40,-47.94
2018-06-20 21:45,-48.43
2018-06-20 21:50,-47.94
2018-06-20 21:55,-47.94
2018-06-20 22:00,-47.94
2018-06-20 22:05,-47.94
2018-06-20 22:10,-47.94
2018-06-20 22:15,-47.94
2018-06-20 22:20,-47.94
2018-06-20 22:25,-47.94
2018-06-20 22:30,-47.94
2018-06-20 22:35,-47.94
2018-06-20 22:40,-47.94
2018-06-20 22:45,-47.94
2018-06-20 22:50,-47.94
2018-06-20 22:55,-47.94
2018-06-20 23:00,-47.94
2018-06-20 23:05,-47.94
2018-06-20 23:10,-47.94
2018-06-20 23:15,-47.94
2018-06-20 23:20,-47.94
2018-06-20 23:25,-47.94
2018-06-20 23:30,-47.94
2018-06-20 23:35,-47.94
2018-06-20 23:40,-47.94
2018-06-20 23:45,-47.94
2018-06-20 23:50,-47.94
2018-06-20 23:55,-47.94
2018-06-21 00:00,-47.94
2018-06-21 00:05,-47.94
2018-06-21 00:10,-47.94
2018-06-21 00:15,-47.94
2018-06-21 00:20,-47.94
2018-06-21 00:25,-47.94
2018-06-21 00:30,-47.94
2018-06-21 00:35,-47.94
2018-06-21 00:40,-47.94
2018-06-21 00:45,-47.94
2018-06-21 00:50,-47.94
2018-06-21 00:55,-47.94
2018-06-21 01:00,-47.94
2018-06-21 01:05,-47.94
2018-06-21 01:10,-47.94
2018-06-21 01:15,-47.94
2018-06-21 01:20,-47.94
2018-06-21 01:25,-47.94
2018-06-21 01:30,-47.94
2018-06-21 01:35,-47.94
2018-06-21 01:40,-47.94
2018-06-21 01:45,-47.94
2018-06-21 01:50,-47.94
2018-06-21 01:55,-47.94
2018-06-21 02:00,-47.94
2018-06-21 02:05,-47.94
2018-06-21 02:10,-47.94
2018-06-21 02:15,-47.94
2018-06-21 02:20,-47.94
2018-06-21 02:25,-47.94
2018-06-21 02:30,-47.94
2018-06-21 02:35,-47.94
2018-06-21 02:40,-47.94
2018-06-21 02:45,-47.94
2018-06-21 02:50,-47.94
2018-06-21 02:55,-47.94
2018-06-21 03:00,-47.94
2018-06-21 03:05,-47.94
2018-06-21 03:10,-47.94
2018-06-21 03:15,-47.94
2018-06-21 03:20,-47.94
2018-06-21 03:25,-47.94
2018-06-21 03:30,-47.94
2018-06-21 03:35,-47.94
2018-06-21 03:40,-47.94
2018-06-21 03:45,-47.94
2018-06-21 03:50,-47.94
2018-06-21 03:55,-47.94
2018-06-21 04:00,-47.94
2018-06-21 04:05,-47.94
2018-06-21 04:10,-47.94
2018-06-21 04:15,-47.94
2018-06-21 04:20,-47.94
2018-06-21 04:25,-47.94
2018-06-21 04:30,-47.94
2018-06-21 04:35,-47.94
2018-06-21 04:40,-47.94
2018-06-21 04:45,-47.94
2018-06-21 04:50,-47.94
2018-06-21 04:55,-47.94
2018-06-21 05:00,-47.94
2018-06-21 05:05,-47.94
2018-06-21 05:10,-47.94
2018-06-21 05:15,-47.94
2018-06-21 05:20,-47.94
2018-06-21 05:25,-47.94
2018-06-21 05:30,-47.94
2018-06-21 05:35,-47.94
2018-06-21 05:40,-47.94
2018-06-21 05:45,-47.94
2018-06-21 05:50,-47.94
2018-06-21 05:55,-47.94
2018-06-21 06:00,-47.94
2018-06-21 06:05,-47.94
2018-06-21 06:10,-47.94
2018-06-21 06:15,-47.94
2018-06-21 06:20,-47.94
2018-06-21 06:25,-47.94
2018-06-21 06:30,-47.94
2018-06-21 06:35,-47.94
2018-06-21 06:40,-47.94
2018-06-21 06:45,-47.94
2018-06-21 06:50,-47.94
2018-06-21 06:55,-47.94
2018-06-21 07:00,-47.94
2018-06-21 07:05,-47.94
2018-06-21 07:10,-47.94
2018-06-21 07:15,-47.94
2018-06-21 07:20,-47.94
2018-06-21 07:25,-47.94
2018-06-21 07:30,-47.94
2018-06-21 07:35,-47.94
2018-06-21 07:40,-47.94
2018-06-21 07:45,-47.94
2018-06-21 07:50,-47.94
2018-06-21 07:55,-47.94
2018-06-21 08:00,-47.94
2018-06-21 08:05,-47.94
2018-06-21 08:10,-47.94
2018-06-21 08:15,-47.94
2018-06-21 08:20,-47.94
2018-06-21 08:25,-47.94
2018-06-21 08:30,-47.94
2018-06-21 08:35,-47.94
2018-06-21 08:40,-47.94
2018-06-21 08:45,-47.94
2018-06-21 08:50,-47.94
2018-06-21 08:55,-47.94
2018-06-21 09:00,-47.94
2018-06-21 09:05,-47.94
2018-06-21 09:10,-47.94
2018-06-21 09:15,-47.94
2018-06-21 09:20,-47.94
2018-06-21 09:25,-47.94
2018-06-21 09:30,-47.94
2018-06-21 09:35,-47.94
2018-06-21 09:40,-47.94
2018-06-21 09:45,-47.94
2018-06-21 09:50,-47.94
2018-06-21 09:55,-47.94
2018-06-21 10:00,-47.94
2018-06-21 10:05,-47.94
2018-06-21 10:10,-47.94
2018-06-21 10:15,-47.94
2018-06-21 10:20,-47.94
2018-06-21 10:25,-47.94
2018-06-21 10:30,-47.94
2018-06-21 10:35,-47.94
2018-06-21 10:40,-47.94
2018-06-21 10:45,-47.94
2018-06-21 10:50,-47.94
2018-06-21 10:55,-47.94
2018-06-21 11:00,-47.94
2018-06-21 11:05,-47.94
2018-06-21 11:10,-47.94
2018-06-21 11:15,-47.94
2018-06-21 11:20,-47.94
2018-06-21 11:25,-47.94
2018-06-21 11:30,-47.94
2018-06-21 11:35,-47.94
2018-06-21 11:40,-47.94
2018-06-21 11:45,-47.94
2018-06-21 11:50,-47.94
2018-06-21 11:55,-47.94
2018-06-21 12:00,-47.94
2018-06-21 12:05,-47.94
2018-06-21 12:10,-47.94
2018-06-21 12:15,-47.94
2018-06-21 12:20,-47.94
2018-06-21 12:25,-47.94
2018-06-21 12:30,-47.94
2018-06-21 12:35,-47.94
2018-06-21 12:40,-47.94
2018-06-21 12:45,-47.94
2018-06-21 12:50,-47.94
2018-06-21 12:55,-47.94
2018-06-21 13:00,-47.94
2018-06-21 13:05,-47.94
2018-06-21 13:10,-47.94
2018-06-21 13:15,-47.94
2018-06-21 13:20,-47.94
2018-06-21 13:25,-47.94
2018-06-21 13:30,-47.94
2018-06-21 13:35,-47.94
2018-06-21 13:40,-47.94
2018-06-21 13:45,-47.94
2018-06-21 13:50,-47.94
2018-06-21 13:55,-50.29
2018-06-21 14:00,-52.08
2018-06-21 14:05,-53.12
2018-06-21 14:10,-49.83
2018-06-21 14:15,-49.5
2018-06-21 14:20,-48.36
2018-06-21 14:25,-47.94
2018-06-21 14:30,-47.94
2018-06-21 14:35,-47.94
2018-06-21 14:40,-47.94
2018-06-21 14:45,-47.94
2018-06-21 14:50,-47.94
2018-06-21 14:55,-47.94
2018-06-21 15:00,-47.94
2018-06-21 15:05,-47.94
2018-06-21 15:10,-47.94
2018-06-21 15:15,-47.94
2018-06-21 15:20,-47.94
2018-06-21 15:25,-47.94
2018-06-21 15:30,-47.94
2018-06-21 15:35,-47.94
2018-06-21 15:40,-47.94
2018-06-21 15:45,-47.94
2018-06-21 15:50,-47.94
2018-06-21 15:55,-47.94
2018-06-21 16:00,-47.94
2018-06-21 16:05,-47.94
2018-06-21 16:10,-47.94
2018-06-21 16:15,-47.94
2018-06-21 16:20,-47.94
2018-06-21 16:25,-47.94
2018-06-21 16:30,-47.94
2018-06-21 16:35,-47.94
2018-06-21 16:40,-47.94
2018-06-21 16:45,-47.94
2018-06-21 16:50,-47.94
2018-06-21 16:55,-47.94
2018-06-21 17:00,-47.94
2018-06-21 17:05,-47.94
2018-06-21 17:10,-47.94
2018-06-21 17:15,-47.94
2018-06-21 17:20,-47.94
2018-06-21 17:25,-47.94
2018-06-21 17:30,-47.94
2018-06-21 17:35,-47.94
2018-06-21 17:40,-47.94
2018-06-21 17:45,-47.94
2018-06-21 17:50,-47.94
2018-06-21 17:55,-47.94
2018-06-21 18:00,-47.94
2018-06-21 18:05,-47.94
2018-06-21 18:10,-47.94
2018-06-21 18:15,-47.94
2018-06-21 18:20,-47.94
2018-06-21 18:25,-47.94
2018-06-21 18:30,-47.94
2018-06-21 18:35,-47.94
2018-06-21 18:40,-47.94
2018-06-21 18:45,-47.94
2018-06-21 18:50,-47.94
2018-06-21 18:55,-47.94
2018-06-21 19:00,-47.94
2018-06-21 19:05,-47.94
2018-06-21 19:10,-47.94
2018-06-21 19:15,-47.94
2018-06-21 19:20,-47.94
2018-06-21 19:25,-47.94
2018-06-21 19:30,-47.94
2018-06-21 19:35,-47.94
2018-06-21 19:40,-47.94
2018-06-21 19:45,-47.94
2018-06-21 19:50,-47.94
2018-06-21 19:55,-47.94
2018-06-21 20:00,-47.94
2018-06-21 20:05,-47.94
2018-06-21 20:10,-47.94
2018-06-21 20:15,-47.94
2018-06-21 20:20,-47.94
2018-06-21 20:25,-47.94
2018-06-21 20:30,-47.94
2018-06-21 20:35,-47.94
2018-06-21 20:40,-47.94
2018-06-21 20:45,-47.94
2018-06-21 20:50,-47.94
2018-06-21 20:55,-47.94
2018-06-21 21:00,-47.94
2018-06-21 21:05,-47.94
2018-06-21 21:10,-47.94
2018-06-21 21:15,-47.94
2018-06-21 21:20,-47.94
2018-06-21 21:25,-47.94
2018-06-21 21:30,-47.94
2018-06-21 21:35,-47.94
2018-06-21 21:40,-47.94
2018-06-21 21:45,-47.94
2018-06-21 21:50,-47.94
2018-06-21 21:55,-47.94
2018-06-21 22:00,-47.94
2018-06-21 22:05,-47.94
2018-06-21 22:10,-47.94
2018-06-21 22:15,-47.94
2018-06-21 22:20,-47.94
2018-06-21 22:25,-47.94
2018-06-21 22:30,-47.94
2018-06-21 22:35,-47.94
2018-06-21 22:40,-47.94
2018-06-21 22:45,-47.94
2018-06-21 22:50,-47.94
2018-06-21 22:55,-47.94
2018-06-21 23:00,-47.94
2018-06-21 23:05,-47.94
2018-06-21 23:10,-47.94
2018-06-21 23:15,-47.94
2018-06-21 23:20,-47.94
2018-06-21 23:25,-47.94
2018-06-21 23:30,-47.94
2018-06-21 23:35,-47.94
2018-06-21 23:40,-47.94
2018-06-21 23:45,-47.94
2018-06-21 23:50,-47.94
2018-06-21 23:55,-47.94
2018-06-22 00:00,-47.94
2018-06-22 00:05,-47.94
2018-06-22 00:10,-47.94
2018-06-22 00:15,-47.94
2018-06-22 00:20,-47.94
2018-06-22 00:25,-47.94
2018-06-22 00:30,-47.94
2018-06-22 00:35,-47.94
2018-06-22 00:40,-47.94
2018-06-22 00:45,-47.94
2018-06-22 00:50,-47.94
2018-06-22 00:55,-47.94
2018-06-22 01:00,-47.94
2018-06-22 01:05,-47.94
2018-06-22 01:10,-47.94
2018-06-22 01:15,-47.94
2018-06-22 01:20,-47.94
2018-06-22 01:25,-47.94
2018-06-22 01:30,-47.94
2018-06-22 01:35,-47.94
2018-06-22 01:40,-47.94
2018-06-22 01:45,-47.94
2018-06-22 01:50,-47.94
2018-06-22 01:55,-47.94
2018-06-22 02:00,-47.94
2018-06-22 02:05,-47.94
2018-06-22 02:10,-47.94
2018-06-22 02:15,-47.94
2018-06-22 02:20,-47.94
2018-06-22 02:25,-47.94
2018-06-22 02:30,-47.94
2018-06-22 02:35,-47.94
2018-06-22 02:40,-47.94
2018-06-22 02:45,-47.94
2018-06-22 02:50,-47.94
2018-06-22 02:55,-47.94
2018-06-22 03:00,-47.94
2018-06-22 03:05,-47.94
2018-06-22 03:10,-47.94
2018-06-22 03:15,-47.94
2018-06-22 03:20,-47.94
2018-06-22 03:25,-47.94
2018-06-22 03:30,-47.94
2018-06-22 03:35,-47.94
2018-06-22 03:40,-47.94
2018-06-22 03:45,-47.94
2018-06-22 03:50,-47.94
2018-06-22 03:55,-47.94
2018-06-22 04:00,-47.94
2018-06-22 04:05,-47.94
2018-06-22 04:10,-47.94
2018-06-22 04:15,-47.94
2018-06-22 04:20,-47.94
2018-06-22 04:25,-47.94
2018-06-22 04:30,-47.94
2018-06-22 04:35,-47.94
2018-06-22 04:40,-47.94
2018-06-22 04:45,-47.94
2018-06-22 04:50,-47.94
2018-06-22 04:55,-47.94
2018-06-22 05:00,-47.94
2018-06-22 05:05,-47.94
2018-06-22 05:10,-47.94
2018-06-22 05:15,-47.94
2018-06-22 05:20,-47.94
2018-06-22 05:25,-47.94
2018-06-22 05:30,-47.94
2018-06-22 05:35,-47.94
2018-06-22 05:40,-47.94
2018-06-22 05:45,-47.94
2018-06-22 05:50,-47.94
2018-06-22 05:55,-47.94
2018-06-22 06:00,-47.94
2018-06-22 06:05,-47.94
2018-06-22 06:10,-47.94
2018-06-22 06:15,-47.94
2018-06-22 06:20,-47.94
2018-06-22 06:25,-47.94
2018-06-22 06:30,-47.94
2018-06-22 06:35,-47.94
2018-06-22 06:40,-47.94
2018-06-22 06:45,-47.94
